Site;Rate;H Error;Slope;Elevation;LC;CW;Area;Coastal Vulnerability;Hydrological Vulnerability;Satured Zone Area;Vulnerability Sum;Vulnerability Rate;Global Area of site (in cells)
1.0;1.0;0.0;0.017383;14.031;1575.0;2.2527;57077000.0;1906;1033;10373;10398.720357005725;0.2960405499346844;35126
1.0;2.0;0.0038793230649175;0.017383;14.031;1575.0;2.2527;57077000.0;1906;1033;10373;10398.720357005725;0.2960405499346844;35126
1.0;7.0;0.0162088957219168;0.017383;14.031;1575.0;2.2527;57077000.0;1906;1033;10373;10398.720357005725;0.2960405499346844;35126
1.0;30.0;0.0425305241829691;0.017383;14.031;1575.0;2.2527;57077000.0;1906;1033;10373;10398.720357005725;0.2960405499346844;35126
1.0;90.0;0.1054010146558668;0.017383;14.031;1575.0;2.2527;57077000.0;1906;1033;10373;10398.720357005725;0.2960405499346844;35126
1.0;182.0;0.193913249256011;0.017383;14.031;1575.0;2.2527;57077000.0;1906;1033;10373;10398.720357005725;0.2960405499346844;35126
1.0;365.0;0.2364798653552871;0.017383;14.031;1575.0;2.2527;57077000.0;1906;1033;10373;10398.720357005725;0.2960405499346844;35126
1.0;730.0;0.3066294603669017;0.017383;14.031;1575.0;2.2527;57077000.0;1906;1033;10373;10398.720357005725;0.2960405499346844;35126
1.0;3652.0;0.4135006551951883;0.017383;14.031;1575.0;2.2527;57077000.0;1906;1033;10373;10398.720357005725;0.2960405499346844;35126
3.0;1.0;0.0;0.00057374;10.704;1425.0;2.0877;20256000.0;831;561;8700;8744.7282976493;0.2512852959094626;34800
3.0;2.0;0.0037050268572391;0.00057374;10.704;1425.0;2.0877;20256000.0;831;561;8700;8744.7282976493;0.2512852959094626;34800
3.0;7.0;0.015395923499432;0.00057374;10.704;1425.0;2.0877;20256000.0;831;561;8700;8744.7282976493;0.2512852959094626;34800
3.0;30.0;0.0404493979934081;0.00057374;10.704;1425.0;2.0877;20256000.0;831;561;8700;8744.7282976493;0.2512852959094626;34800
3.0;90.0;0.1027571012342629;0.00057374;10.704;1425.0;2.0877;20256000.0;831;561;8700;8744.7282976493;0.2512852959094626;34800
3.0;182.0;0.1874998532504132;0.00057374;10.704;1425.0;2.0877;20256000.0;831;561;8700;8744.7282976493;0.2512852959094626;34800
3.0;365.0;0.2184592788548915;0.00057374;10.704;1425.0;2.0877;20256000.0;831;561;8700;8744.7282976493;0.2512852959094626;34800
3.0;730.0;0.2706465721432402;0.00057374;10.704;1425.0;2.0877;20256000.0;831;561;8700;8744.7282976493;0.2512852959094626;34800
3.0;3652.0;0.3404824929883649;0.00057374;10.704;1425.0;2.0877;20256000.0;831;561;8700;8744.7282976493;0.2512852959094626;34800
4.0;1.0;0.0;0.023758;11.237;1425.0;2.5802;5203100.0;140;83;1197;1198.4612599941795;0.228365331553769;5248
4.0;2.0;0.0029038378128997;0.023758;11.237;1425.0;2.5802;5203100.0;140;83;1197;1198.4612599941795;0.228365331553769;5248
4.0;7.0;0.0135430090036463;0.023758;11.237;1425.0;2.5802;5203100.0;140;83;1197;1198.4612599941795;0.228365331553769;5248
4.0;30.0;0.0343745209691433;0.023758;11.237;1425.0;2.5802;5203100.0;140;83;1197;1198.4612599941795;0.228365331553769;5248
4.0;90.0;0.1283290709635083;0.023758;11.237;1425.0;2.5802;5203100.0;140;83;1197;1198.4612599941795;0.228365331553769;5248
4.0;182.0;0.2632623530631015;0.023758;11.237;1425.0;2.5802;5203100.0;140;83;1197;1198.4612599941795;0.228365331553769;5248
4.0;365.0;0.3843631902014273;0.023758;11.237;1425.0;2.5802;5203100.0;140;83;1197;1198.4612599941795;0.228365331553769;5248
4.0;730.0;0.5794391772227295;0.023758;11.237;1425.0;2.5802;5203100.0;140;83;1197;1198.4612599941795;0.228365331553769;5248
4.0;3652.0;0.784027044277768;0.023758;11.237;1425.0;2.5802;5203100.0;140;83;1197;1198.4612599941795;0.228365331553769;5248
7.0;1.0;0.0;0.017869;37.15;1350.0;2.1056;27810000.0;1;439;2149;2157.4158180739905;0.153421690945384;14062
7.0;2.0;0.0030580677191298;0.017869;37.15;1350.0;2.1056;27810000.0;1;439;2149;2157.4158180739905;0.153421690945384;14062
7.0;7.0;0.0148834131981546;0.017869;37.15;1350.0;2.1056;27810000.0;1;439;2149;2157.4158180739905;0.153421690945384;14062
7.0;30.0;0.0316583333666094;0.017869;37.15;1350.0;2.1056;27810000.0;1;439;2149;2157.4158180739905;0.153421690945384;14062
7.0;90.0;0.086542647569335;0.017869;37.15;1350.0;2.1056;27810000.0;1;439;2149;2157.4158180739905;0.153421690945384;14062
7.0;182.0;0.1821309914129173;0.017869;37.15;1350.0;2.1056;27810000.0;1;439;2149;2157.4158180739905;0.153421690945384;14062
7.0;365.0;0.2199584496227709;0.017869;37.15;1350.0;2.1056;27810000.0;1;439;2149;2157.4158180739905;0.153421690945384;14062
7.0;730.0;0.2874353576477332;0.017869;37.15;1350.0;2.1056;27810000.0;1;439;2149;2157.4158180739905;0.153421690945384;14062
7.0;3652.0;0.4438459728656725;0.017869;37.15;1350.0;2.1056;27810000.0;1;439;2149;2157.4158180739905;0.153421690945384;14062
8.0;1.0;0.0;0.021748;6.9778;1650.0;2.0095;5220000.0;159;129;4563;4571.162962892292;0.1912620486565812;23900
8.0;2.0;0.0024292213964008;0.021748;6.9778;1650.0;2.0095;5220000.0;159;129;4563;4571.162962892292;0.1912620486565812;23900
8.0;7.0;0.0098897397031194;0.021748;6.9778;1650.0;2.0095;5220000.0;159;129;4563;4571.162962892292;0.1912620486565812;23900
8.0;30.0;0.0261748518897128;0.021748;6.9778;1650.0;2.0095;5220000.0;159;129;4563;4571.162962892292;0.1912620486565812;23900
8.0;90.0;0.0692507301025263;0.021748;6.9778;1650.0;2.0095;5220000.0;159;129;4563;4571.162962892292;0.1912620486565812;23900
8.0;182.0;0.1350018125779318;0.021748;6.9778;1650.0;2.0095;5220000.0;159;129;4563;4571.162962892292;0.1912620486565812;23900
8.0;365.0;0.1669176491637847;0.021748;6.9778;1650.0;2.0095;5220000.0;159;129;4563;4571.162962892292;0.1912620486565812;23900
8.0;730.0;0.2290698705623457;0.021748;6.9778;1650.0;2.0095;5220000.0;159;129;4563;4571.162962892292;0.1912620486565812;23900
8.0;3652.0;0.2988454033579271;0.021748;6.9778;1650.0;2.0095;5220000.0;159;129;4563;4571.162962892292;0.1912620486565812;23900
10.0;1.0;0.0;0.0048043999999999;15.404000000000002;1575.0;1.5889;57802000.0;1191;1902;2538;2608.949895076261;0.054954184203818;47475
10.0;2.0;0.0036961359926021;0.0048043999999999;15.404000000000002;1575.0;1.5889;57802000.0;1191;1902;2538;2608.949895076261;0.054954184203818;47475
10.0;7.0;0.0149153057926668;0.0048043999999999;15.404000000000002;1575.0;1.5889;57802000.0;1191;1902;2538;2608.949895076261;0.054954184203818;47475
10.0;30.0;0.0396167202369016;0.0048043999999999;15.404000000000002;1575.0;1.5889;57802000.0;1191;1902;2538;2608.949895076261;0.054954184203818;47475
10.0;90.0;0.0915538363720714;0.0048043999999999;15.404000000000002;1575.0;1.5889;57802000.0;1191;1902;2538;2608.949895076261;0.054954184203818;47475
10.0;182.0;0.1694940808176965;0.0048043999999999;15.404000000000002;1575.0;1.5889;57802000.0;1191;1902;2538;2608.949895076261;0.054954184203818;47475
10.0;365.0;0.1919192240305992;0.0048043999999999;15.404000000000002;1575.0;1.5889;57802000.0;1191;1902;2538;2608.949895076261;0.054954184203818;47475
10.0;730.0;0.2219972819663322;0.0048043999999999;15.404000000000002;1575.0;1.5889;57802000.0;1191;1902;2538;2608.949895076261;0.054954184203818;47475
10.0;3652.0;0.277418471559083;0.0048043999999999;15.404000000000002;1575.0;1.5889;57802000.0;1191;1902;2538;2608.949895076261;0.054954184203818;47475
11.0;1.0;0.0;0.0054417;13.099;1650.0;2.9142;32676000.0;608;1057;534;548.9670410682364;0.0542457550462684;10120
11.0;2.0;0.0019370712288229;0.0054417;13.099;1650.0;2.9142;32676000.0;608;1057;534;548.9670410682364;0.0542457550462684;10120
11.0;7.0;0.007095871537476;0.0054417;13.099;1650.0;2.9142;32676000.0;608;1057;534;548.9670410682364;0.0542457550462684;10120
11.0;30.0;0.020072089411818;0.0054417;13.099;1650.0;2.9142;32676000.0;608;1057;534;548.9670410682364;0.0542457550462684;10120
11.0;90.0;0.0435498926878454;0.0054417;13.099;1650.0;2.9142;32676000.0;608;1057;534;548.9670410682364;0.0542457550462684;10120
11.0;182.0;0.0809120145894057;0.0054417;13.099;1650.0;2.9142;32676000.0;608;1057;534;548.9670410682364;0.0542457550462684;10120
11.0;365.0;0.1027263425009789;0.0054417;13.099;1650.0;2.9142;32676000.0;608;1057;534;548.9670410682364;0.0542457550462684;10120
11.0;730.0;0.1622678540420822;0.0054417;13.099;1650.0;2.9142;32676000.0;608;1057;534;548.9670410682364;0.0542457550462684;10120
11.0;3652.0;0.2201414820862259;0.0054417;13.099;1650.0;2.9142;32676000.0;608;1057;534;548.9670410682364;0.0542457550462684;10120
12.0;1.0;0.0;0.041692;15.048;1425.0;2.0142;95816000.0;2394;2320;2772;2829.498026450184;0.0589847410141793;47970
12.0;2.0;0.0031172366230168;0.041692;15.048;1425.0;2.0142;95816000.0;2394;2320;2772;2829.498026450184;0.0589847410141793;47970
12.0;7.0;0.0119980742691852;0.041692;15.048;1425.0;2.0142;95816000.0;2394;2320;2772;2829.498026450184;0.0589847410141793;47970
12.0;30.0;0.0336530456759948;0.041692;15.048;1425.0;2.0142;95816000.0;2394;2320;2772;2829.498026450184;0.0589847410141793;47970
12.0;90.0;0.0730083632551525;0.041692;15.048;1425.0;2.0142;95816000.0;2394;2320;2772;2829.498026450184;0.0589847410141793;47970
12.0;182.0;0.1222048385002407;0.041692;15.048;1425.0;2.0142;95816000.0;2394;2320;2772;2829.498026450184;0.0589847410141793;47970
12.0;365.0;0.1401841306625733;0.041692;15.048;1425.0;2.0142;95816000.0;2394;2320;2772;2829.498026450184;0.0589847410141793;47970
12.0;730.0;0.1678353858801527;0.041692;15.048;1425.0;2.0142;95816000.0;2394;2320;2772;2829.498026450184;0.0589847410141793;47970
12.0;3652.0;0.2076715457193804;0.041692;15.048;1425.0;2.0142;95816000.0;2394;2320;2772;2829.498026450184;0.0589847410141793;47970
13.0;1.0;0.0;0.017;7.6422;1650.0;2.9322;15452000.0;515;309;344;348.4827992023804;0.0703153347865981;4956
13.0;2.0;0.0022063438684162;0.017;7.6422;1650.0;2.9322;15452000.0;515;309;344;348.4827992023804;0.0703153347865981;4956
13.0;7.0;0.0079049822077504;0.017;7.6422;1650.0;2.9322;15452000.0;515;309;344;348.4827992023804;0.0703153347865981;4956
13.0;30.0;0.021215598309817;0.017;7.6422;1650.0;2.9322;15452000.0;515;309;344;348.4827992023804;0.0703153347865981;4956
13.0;90.0;0.0459743068795799;0.017;7.6422;1650.0;2.9322;15452000.0;515;309;344;348.4827992023804;0.0703153347865981;4956
13.0;182.0;0.0731496298288549;0.017;7.6422;1650.0;2.9322;15452000.0;515;309;344;348.4827992023804;0.0703153347865981;4956
13.0;365.0;0.0799346362186648;0.017;7.6422;1650.0;2.9322;15452000.0;515;309;344;348.4827992023804;0.0703153347865981;4956
13.0;730.0;0.0884871835852028;0.017;7.6422;1650.0;2.9322;15452000.0;515;309;344;348.4827992023804;0.0703153347865981;4956
13.0;3652.0;0.0993700430118872;0.017;7.6422;1650.0;2.9322;15452000.0;515;309;344;348.4827992023804;0.0703153347865981;4956
14.0;1.0;0.0;0.0181479999999999;40.589;1425.0;1.7481;52751000.0;33;1653;1198;1212.8957329081554;0.0319006794378936;38021
14.0;2.0;0.0025659666410965;0.0181479999999999;40.589;1425.0;1.7481;52751000.0;33;1653;1198;1212.8957329081554;0.0319006794378936;38021
14.0;7.0;0.0103738358831147;0.0181479999999999;40.589;1425.0;1.7481;52751000.0;33;1653;1198;1212.8957329081554;0.0319006794378936;38021
14.0;30.0;0.0275341640025388;0.0181479999999999;40.589;1425.0;1.7481;52751000.0;33;1653;1198;1212.8957329081554;0.0319006794378936;38021
14.0;90.0;0.0669928669115922;0.0181479999999999;40.589;1425.0;1.7481;52751000.0;33;1653;1198;1212.8957329081554;0.0319006794378936;38021
14.0;182.0;0.1215173863507666;0.0181479999999999;40.589;1425.0;1.7481;52751000.0;33;1653;1198;1212.8957329081554;0.0319006794378936;38021
14.0;365.0;0.1425932016706186;0.0181479999999999;40.589;1425.0;1.7481;52751000.0;33;1653;1198;1212.8957329081554;0.0319006794378936;38021
14.0;730.0;0.1853542925340359;0.0181479999999999;40.589;1425.0;1.7481;52751000.0;33;1653;1198;1212.8957329081554;0.0319006794378936;38021
14.0;3652.0;0.2711404842844023;0.0181479999999999;40.589;1425.0;1.7481;52751000.0;33;1653;1198;1212.8957329081554;0.0319006794378936;38021
15.0;1.0;0.0;0.026241;19.189;1500.0;3.2359;4303100.0;44;31;4541;4553.360755593164;0.2996815029349193;15194
15.0;2.0;0.006634684505364;0.026241;19.189;1500.0;3.2359;4303100.0;44;31;4541;4553.360755593164;0.2996815029349193;15194
15.0;7.0;0.0311773625577056;0.026241;19.189;1500.0;3.2359;4303100.0;44;31;4541;4553.360755593164;0.2996815029349193;15194
15.0;30.0;0.0825331753189077;0.026241;19.189;1500.0;3.2359;4303100.0;44;31;4541;4553.360755593164;0.2996815029349193;15194
15.0;90.0;0.2366167660152137;0.026241;19.189;1500.0;3.2359;4303100.0;44;31;4541;4553.360755593164;0.2996815029349193;15194
15.0;182.0;0.4957286907657203;0.026241;19.189;1500.0;3.2359;4303100.0;44;31;4541;4553.360755593164;0.2996815029349193;15194
15.0;365.0;0.5986284345185184;0.026241;19.189;1500.0;3.2359;4303100.0;44;31;4541;4553.360755593164;0.2996815029349193;15194
15.0;730.0;0.7549130005430196;0.026241;19.189;1500.0;3.2359;4303100.0;44;31;4541;4553.360755593164;0.2996815029349193;15194
15.0;3652.0;1.1253996205961938;0.026241;19.189;1500.0;3.2359;4303100.0;44;31;4541;4553.360755593164;0.2996815029349193;15194
16.0;1.0;0.0;0.028223;29.454;1725.0;2.3301;81242000.0;1815;1330;5243;5258.6906540019645;0.193733077438917;27144
16.0;2.0;0.0031220060443771;0.028223;29.454;1725.0;2.3301;81242000.0;1815;1330;5243;5258.6906540019645;0.193733077438917;27144
16.0;7.0;0.0119243259775783;0.028223;29.454;1725.0;2.3301;81242000.0;1815;1330;5243;5258.6906540019645;0.193733077438917;27144
16.0;30.0;0.0353137113675942;0.028223;29.454;1725.0;2.3301;81242000.0;1815;1330;5243;5258.6906540019645;0.193733077438917;27144
16.0;90.0;0.0895169299721877;0.028223;29.454;1725.0;2.3301;81242000.0;1815;1330;5243;5258.6906540019645;0.193733077438917;27144
16.0;182.0;0.170593776057579;0.028223;29.454;1725.0;2.3301;81242000.0;1815;1330;5243;5258.6906540019645;0.193733077438917;27144
16.0;365.0;0.2097726621222561;0.028223;29.454;1725.0;2.3301;81242000.0;1815;1330;5243;5258.6906540019645;0.193733077438917;27144
16.0;730.0;0.2551800239400359;0.028223;29.454;1725.0;2.3301;81242000.0;1815;1330;5243;5258.6906540019645;0.193733077438917;27144
16.0;3652.0;0.3146286910434445;0.028223;29.454;1725.0;2.3301;81242000.0;1815;1330;5243;5258.6906540019645;0.193733077438917;27144
17.0;1.0;0.0;0.0094464;30.539;1575.0;2.4613;61779000.0;185;1537;1528;1534.9696842304736;0.089580956185029;17135
17.0;2.0;0.0036195277470909;0.0094464;30.539;1575.0;2.4613;61779000.0;185;1537;1528;1534.9696842304736;0.089580956185029;17135
17.0;7.0;0.0154406150457085;0.0094464;30.539;1575.0;2.4613;61779000.0;185;1537;1528;1534.9696842304736;0.089580956185029;17135
17.0;30.0;0.0413325160789286;0.0094464;30.539;1575.0;2.4613;61779000.0;185;1537;1528;1534.9696842304736;0.089580956185029;17135
17.0;90.0;0.1067295865950587;0.0094464;30.539;1575.0;2.4613;61779000.0;185;1537;1528;1534.9696842304736;0.089580956185029;17135
17.0;182.0;0.1967703504900904;0.0094464;30.539;1575.0;2.4613;61779000.0;185;1537;1528;1534.9696842304736;0.089580956185029;17135
17.0;365.0;0.2335533325873067;0.0094464;30.539;1575.0;2.4613;61779000.0;185;1537;1528;1534.9696842304736;0.089580956185029;17135
17.0;730.0;0.2945531520453903;0.0094464;30.539;1575.0;2.4613;61779000.0;185;1537;1528;1534.9696842304736;0.089580956185029;17135
17.0;3652.0;0.360705584925762;0.0094464;30.539;1575.0;2.4613;61779000.0;185;1537;1528;1534.9696842304736;0.089580956185029;17135
18.0;1.0;0.0;0.020719;6.3567;1425.0;2.2444;10912000.0;270;43;258;262.2135056324064;0.0697005597109001;3762
18.0;2.0;0.0016343316961933;0.020719;6.3567;1425.0;2.2444;10912000.0;270;43;258;262.2135056324064;0.0697005597109001;3762
18.0;7.0;0.005121275722781;0.020719;6.3567;1425.0;2.2444;10912000.0;270;43;258;262.2135056324064;0.0697005597109001;3762
18.0;30.0;0.013022431319224;0.020719;6.3567;1425.0;2.2444;10912000.0;270;43;258;262.2135056324064;0.0697005597109001;3762
18.0;90.0;0.0274766933281444;0.020719;6.3567;1425.0;2.2444;10912000.0;270;43;258;262.2135056324064;0.0697005597109001;3762
18.0;182.0;0.0455999859724022;0.020719;6.3567;1425.0;2.2444;10912000.0;270;43;258;262.2135056324064;0.0697005597109001;3762
18.0;365.0;0.0481160170316837;0.020719;6.3567;1425.0;2.2444;10912000.0;270;43;258;262.2135056324064;0.0697005597109001;3762
18.0;730.0;0.0497953805544372;0.020719;6.3567;1425.0;2.2444;10912000.0;270;43;258;262.2135056324064;0.0697005597109001;3762
18.0;3652.0;0.0515095706017609;0.020719;6.3567;1425.0;2.2444;10912000.0;270;43;258;262.2135056324064;0.0697005597109001;3762
19.0;1.0;0.0;0.0081185;2.4609;1725.0;2.6646;42446000.0;4766;251;1569;1626.5722882492114;0.1070535927503759;15194
19.0;2.0;0.0072548607901231;0.0081185;2.4609;1725.0;2.6646;42446000.0;4766;251;1569;1626.5722882492114;0.1070535927503759;15194
19.0;7.0;0.0313874267323508;0.0081185;2.4609;1725.0;2.6646;42446000.0;4766;251;1569;1626.5722882492114;0.1070535927503759;15194
19.0;30.0;0.0866235149493999;0.0081185;2.4609;1725.0;2.6646;42446000.0;4766;251;1569;1626.5722882492114;0.1070535927503759;15194
19.0;90.0;0.2019039969055668;0.0081185;2.4609;1725.0;2.6646;42446000.0;4766;251;1569;1626.5722882492114;0.1070535927503759;15194
19.0;182.0;0.3536643637347382;0.0081185;2.4609;1725.0;2.6646;42446000.0;4766;251;1569;1626.5722882492114;0.1070535927503759;15194
19.0;365.0;0.4183549524657499;0.0081185;2.4609;1725.0;2.6646;42446000.0;4766;251;1569;1626.5722882492114;0.1070535927503759;15194
19.0;730.0;0.4604984753848192;0.0081185;2.4609;1725.0;2.6646;42446000.0;4766;251;1569;1626.5722882492114;0.1070535927503759;15194
19.0;3652.0;0.4840729088696178;0.0081185;2.4609;1725.0;2.6646;42446000.0;4766;251;1569;1626.5722882492114;0.1070535927503759;15194
20.0;1.0;0.0;0.01503;11.743;1575.0;2.6242;36844000.0;886;1043;20338;20366.40839293909;0.4211677397882229;48357
20.0;2.0;0.0029849962343305;0.01503;11.743;1575.0;2.6242;36844000.0;886;1043;20338;20366.40839293909;0.4211677397882229;48357
20.0;7.0;0.012403614336042;0.01503;11.743;1575.0;2.6242;36844000.0;886;1043;20338;20366.40839293909;0.4211677397882229;48357
20.0;30.0;0.0363035232843364;0.01503;11.743;1575.0;2.6242;36844000.0;886;1043;20338;20366.40839293909;0.4211677397882229;48357
20.0;90.0;0.0939738204160915;0.01503;11.743;1575.0;2.6242;36844000.0;886;1043;20338;20366.40839293909;0.4211677397882229;48357
20.0;182.0;0.1580830569715796;0.01503;11.743;1575.0;2.6242;36844000.0;886;1043;20338;20366.40839293909;0.4211677397882229;48357
20.0;365.0;0.1939241683831579;0.01503;11.743;1575.0;2.6242;36844000.0;886;1043;20338;20366.40839293909;0.4211677397882229;48357
20.0;730.0;0.2536156515933963;0.01503;11.743;1575.0;2.6242;36844000.0;886;1043;20338;20366.40839293909;0.4211677397882229;48357
20.0;3652.0;0.3341612039576478;0.01503;11.743;1575.0;2.6242;36844000.0;886;1043;20338;20366.40839293909;0.4211677397882229;48357
21.0;1.0;0.0;0.033795;45.292;1350.0;2.4379;38571000.0;0;931;358;368.7536084106853;0.0231077583914453;15958
21.0;2.0;0.0035131589647779;0.033795;45.292;1350.0;2.4379;38571000.0;0;931;358;368.7536084106853;0.0231077583914453;15958
21.0;7.0;0.0149255446543165;0.033795;45.292;1350.0;2.4379;38571000.0;0;931;358;368.7536084106853;0.0231077583914453;15958
21.0;30.0;0.0354389533967742;0.033795;45.292;1350.0;2.4379;38571000.0;0;931;358;368.7536084106853;0.0231077583914453;15958
21.0;90.0;0.0986127877393275;0.033795;45.292;1350.0;2.4379;38571000.0;0;931;358;368.7536084106853;0.0231077583914453;15958
21.0;182.0;0.2030774731975679;0.033795;45.292;1350.0;2.4379;38571000.0;0;931;358;368.7536084106853;0.0231077583914453;15958
21.0;365.0;0.2486389168180759;0.033795;45.292;1350.0;2.4379;38571000.0;0;931;358;368.7536084106853;0.0231077583914453;15958
21.0;730.0;0.3009557777986608;0.033795;45.292;1350.0;2.4379;38571000.0;0;931;358;368.7536084106853;0.0231077583914453;15958
21.0;3652.0;0.359974227568413;0.033795;45.292;1350.0;2.4379;38571000.0;0;931;358;368.7536084106853;0.0231077583914453;15958
22.0;1.0;0.0;0.0096528;32.229;1500.0;2.1629;67568000.0;215;2266;635;645.0831063149186;0.0274456733455972;23504
22.0;2.0;0.0025623977304338;0.0096528;32.229;1500.0;2.1629;67568000.0;215;2266;635;645.0831063149186;0.0274456733455972;23504
22.0;7.0;0.0102307056616175;0.0096528;32.229;1500.0;2.1629;67568000.0;215;2266;635;645.0831063149186;0.0274456733455972;23504
22.0;30.0;0.026952018249273;0.0096528;32.229;1500.0;2.1629;67568000.0;215;2266;635;645.0831063149186;0.0274456733455972;23504
22.0;90.0;0.0665826349200478;0.0096528;32.229;1500.0;2.1629;67568000.0;215;2266;635;645.0831063149186;0.0274456733455972;23504
22.0;182.0;0.1331744246574456;0.0096528;32.229;1500.0;2.1629;67568000.0;215;2266;635;645.0831063149186;0.0274456733455972;23504
22.0;365.0;0.159802943245865;0.0096528;32.229;1500.0;2.1629;67568000.0;215;2266;635;645.0831063149186;0.0274456733455972;23504
22.0;730.0;0.2160474341072332;0.0096528;32.229;1500.0;2.1629;67568000.0;215;2266;635;645.0831063149186;0.0274456733455972;23504
22.0;3652.0;0.2821658600269947;0.0096528;32.229;1500.0;2.1629;67568000.0;215;2266;635;645.0831063149186;0.0274456733455972;23504
23.0;1.0;0.0;0.073487;13.12;1575.0;1.5577;3273800.0;16;15;600;602.4443071011202;0.050710800261037;11880
23.0;2.0;0.0042627925995811;0.073487;13.12;1575.0;1.5577;3273800.0;16;15;600;602.4443071011202;0.050710800261037;11880
23.0;7.0;0.0205161496721075;0.073487;13.12;1575.0;1.5577;3273800.0;16;15;600;602.4443071011202;0.050710800261037;11880
23.0;30.0;0.0601751122032808;0.073487;13.12;1575.0;1.5577;3273800.0;16;15;600;602.4443071011202;0.050710800261037;11880
23.0;90.0;0.1655578430692754;0.073487;13.12;1575.0;1.5577;3273800.0;16;15;600;602.4443071011202;0.050710800261037;11880
23.0;182.0;0.3272893303727391;0.073487;13.12;1575.0;1.5577;3273800.0;16;15;600;602.4443071011202;0.050710800261037;11880
23.0;365.0;0.3934913033998186;0.073487;13.12;1575.0;1.5577;3273800.0;16;15;600;602.4443071011202;0.050710800261037;11880
23.0;730.0;0.4658165624744712;0.073487;13.12;1575.0;1.5577;3273800.0;16;15;600;602.4443071011202;0.050710800261037;11880
23.0;3652.0;0.5528061260026178;0.073487;13.12;1575.0;1.5577;3273800.0;16;15;600;602.4443071011202;0.050710800261037;11880
24.0;1.0;0.0;0.038199;5.6431;2700.0;4.04;3735000.0;102;23;1389;1390.4447820750363;0.2024526473609546;6868
24.0;2.0;0.0024067949762981;0.038199;5.6431;2700.0;4.04;3735000.0;102;23;1389;1390.4447820750363;0.2024526473609546;6868
24.0;7.0;0.011770072135544;0.038199;5.6431;2700.0;4.04;3735000.0;102;23;1389;1390.4447820750363;0.2024526473609546;6868
24.0;30.0;0.0306645078478985;0.038199;5.6431;2700.0;4.04;3735000.0;102;23;1389;1390.4447820750363;0.2024526473609546;6868
24.0;90.0;0.101023784559261;0.038199;5.6431;2700.0;4.04;3735000.0;102;23;1389;1390.4447820750363;0.2024526473609546;6868
24.0;182.0;0.260205628970361;0.038199;5.6431;2700.0;4.04;3735000.0;102;23;1389;1390.4447820750363;0.2024526473609546;6868
24.0;365.0;0.3600814737994693;0.038199;5.6431;2700.0;4.04;3735000.0;102;23;1389;1390.4447820750363;0.2024526473609546;6868
24.0;730.0;0.5264062859373333;0.038199;5.6431;2700.0;4.04;3735000.0;102;23;1389;1390.4447820750363;0.2024526473609546;6868
24.0;3652.0;0.6827578327244789;0.038199;5.6431;2700.0;4.04;3735000.0;102;23;1389;1390.4447820750363;0.2024526473609546;6868
25.0;1.0;0.0;0.02218;48.571000000000005;1350.0;1.8653;59490000.0;92;2059;6881;6904.806176761899;0.1519945006771572;45428
25.0;2.0;0.0027349948639427;0.02218;48.571000000000005;1350.0;1.8653;59490000.0;92;2059;6881;6904.806176761899;0.1519945006771572;45428
25.0;7.0;0.0113878859696152;0.02218;48.571000000000005;1350.0;1.8653;59490000.0;92;2059;6881;6904.806176761899;0.1519945006771572;45428
25.0;30.0;0.0289246948751953;0.02218;48.571000000000005;1350.0;1.8653;59490000.0;92;2059;6881;6904.806176761899;0.1519945006771572;45428
25.0;90.0;0.0734978659430122;0.02218;48.571000000000005;1350.0;1.8653;59490000.0;92;2059;6881;6904.806176761899;0.1519945006771572;45428
25.0;182.0;0.137609810009888;0.02218;48.571000000000005;1350.0;1.8653;59490000.0;92;2059;6881;6904.806176761899;0.1519945006771572;45428
25.0;365.0;0.1586114600447141;0.02218;48.571000000000005;1350.0;1.8653;59490000.0;92;2059;6881;6904.806176761899;0.1519945006771572;45428
25.0;730.0;0.1940339436318247;0.02218;48.571000000000005;1350.0;1.8653;59490000.0;92;2059;6881;6904.806176761899;0.1519945006771572;45428
25.0;3652.0;0.2399666736275057;0.02218;48.571000000000005;1350.0;1.8653;59490000.0;92;2059;6881;6904.806176761899;0.1519945006771572;45428
27.0;1.0;0.0;0.014051;16.678;1725.0;2.7998;74036000.0;1984;3286;4447;4497.45338672613;0.0891980204027316;50421
27.0;2.0;0.0038632200348545;0.014051;16.678;1725.0;2.7998;74036000.0;1984;3286;4447;4497.45338672613;0.0891980204027316;50421
27.0;7.0;0.0167692720000393;0.014051;16.678;1725.0;2.7998;74036000.0;1984;3286;4447;4497.45338672613;0.0891980204027316;50421
27.0;30.0;0.0493077354091983;0.014051;16.678;1725.0;2.7998;74036000.0;1984;3286;4447;4497.45338672613;0.0891980204027316;50421
27.0;90.0;0.1184679900139628;0.014051;16.678;1725.0;2.7998;74036000.0;1984;3286;4447;4497.45338672613;0.0891980204027316;50421
27.0;182.0;0.1933872963131468;0.014051;16.678;1725.0;2.7998;74036000.0;1984;3286;4447;4497.45338672613;0.0891980204027316;50421
27.0;365.0;0.2420824054153631;0.014051;16.678;1725.0;2.7998;74036000.0;1984;3286;4447;4497.45338672613;0.0891980204027316;50421
27.0;730.0;0.3365885671267685;0.014051;16.678;1725.0;2.7998;74036000.0;1984;3286;4447;4497.45338672613;0.0891980204027316;50421
27.0;3652.0;0.4808045723297416;0.014051;16.678;1725.0;2.7998;74036000.0;1984;3286;4447;4497.45338672613;0.0891980204027316;50421
28.0;1.0;0.0;0.01485;11.186;1725.0;2.8374;22202000.0;1003;448;634;642.8226160394078;0.0664347474203604;9676
28.0;2.0;0.004606022446235;0.01485;11.186;1725.0;2.8374;22202000.0;1003;448;634;642.8226160394078;0.0664347474203604;9676
28.0;7.0;0.0195617896314203;0.01485;11.186;1725.0;2.8374;22202000.0;1003;448;634;642.8226160394078;0.0664347474203604;9676
28.0;30.0;0.056126814949097;0.01485;11.186;1725.0;2.8374;22202000.0;1003;448;634;642.8226160394078;0.0664347474203604;9676
28.0;90.0;0.1550749403945858;0.01485;11.186;1725.0;2.8374;22202000.0;1003;448;634;642.8226160394078;0.0664347474203604;9676
28.0;182.0;0.266160749072908;0.01485;11.186;1725.0;2.8374;22202000.0;1003;448;634;642.8226160394078;0.0664347474203604;9676
28.0;365.0;0.3230017153258779;0.01485;11.186;1725.0;2.8374;22202000.0;1003;448;634;642.8226160394078;0.0664347474203604;9676
28.0;730.0;0.4079307738773825;0.01485;11.186;1725.0;2.8374;22202000.0;1003;448;634;642.8226160394078;0.0664347474203604;9676
28.0;3652.0;0.5555097219092765;0.01485;11.186;1725.0;2.8374;22202000.0;1003;448;634;642.8226160394078;0.0664347474203604;9676
29.0;1.0;0.0;0.0053882;3.0773;1650.0;2.1762;52942000.0;5638;395;2781;2888.103638568655;0.1484123144177108;19460
29.0;2.0;0.0046567319144672;0.0053882;3.0773;1650.0;2.1762;52942000.0;5638;395;2781;2888.103638568655;0.1484123144177108;19460
29.0;7.0;0.017704189066114;0.0053882;3.0773;1650.0;2.1762;52942000.0;5638;395;2781;2888.103638568655;0.1484123144177108;19460
29.0;30.0;0.0532782227856177;0.0053882;3.0773;1650.0;2.1762;52942000.0;5638;395;2781;2888.103638568655;0.1484123144177108;19460
29.0;90.0;0.098923572533551;0.0053882;3.0773;1650.0;2.1762;52942000.0;5638;395;2781;2888.103638568655;0.1484123144177108;19460
29.0;182.0;0.1766235976068475;0.0053882;3.0773;1650.0;2.1762;52942000.0;5638;395;2781;2888.103638568655;0.1484123144177108;19460
29.0;365.0;0.1971545989174654;0.0053882;3.0773;1650.0;2.1762;52942000.0;5638;395;2781;2888.103638568655;0.1484123144177108;19460
29.0;730.0;0.2433264378162048;0.0053882;3.0773;1650.0;2.1762;52942000.0;5638;395;2781;2888.103638568655;0.1484123144177108;19460
29.0;3652.0;0.2301542255238992;0.0053882;3.0773;1650.0;2.1762;52942000.0;5638;395;2781;2888.103638568655;0.1484123144177108;19460
30.0;1.0;0.0;0.0094;7.9139;1800.0;2.0684;46513000.0;841;1156;19157;19204.851461680548;0.3934130502638592;48816
30.0;2.0;0.0022608700745166;0.0094;7.9139;1800.0;2.0684;46513000.0;841;1156;19157;19204.851461680548;0.3934130502638592;48816
30.0;7.0;0.0081883475743393;0.0094;7.9139;1800.0;2.0684;46513000.0;841;1156;19157;19204.851461680548;0.3934130502638592;48816
30.0;30.0;0.0218219316716011;0.0094;7.9139;1800.0;2.0684;46513000.0;841;1156;19157;19204.851461680548;0.3934130502638592;48816
30.0;90.0;0.0470231990120249;0.0094;7.9139;1800.0;2.0684;46513000.0;841;1156;19157;19204.851461680548;0.3934130502638592;48816
30.0;182.0;0.0830117928014303;0.0094;7.9139;1800.0;2.0684;46513000.0;841;1156;19157;19204.851461680548;0.3934130502638592;48816
30.0;365.0;0.0943415440641389;0.0094;7.9139;1800.0;2.0684;46513000.0;841;1156;19157;19204.851461680548;0.3934130502638592;48816
30.0;730.0;0.1194789148185668;0.0094;7.9139;1800.0;2.0684;46513000.0;841;1156;19157;19204.851461680548;0.3934130502638592;48816
30.0;3652.0;0.168161841624186;0.0094;7.9139;1800.0;2.0684;46513000.0;841;1156;19157;19204.851461680548;0.3934130502638592;48816
