Site,Rate,H Error,SubCatch,Slope,Elevation,LC,SAR,Area
2,1,0.0,1.0,2.035973072052,29.1599807739258,769.298090574272,1.00043380260468,9635625
2,2,0.0035488748873556,1.0,2.035973072052,29.1599807739258,769.298090574272,1.00043380260468,9635625
2,7,0.0145161857993225,1.0,2.035973072052,29.1599807739258,769.298090574272,1.00043380260468,9635625
2,30,0.0378764562954786,1.0,2.035973072052,29.1599807739258,769.298090574272,1.00043380260468,9635625
2,90,0.0911190426180191,1.0,2.035973072052,29.1599807739258,769.298090574272,1.00043380260468,9635625
2,182,0.1630634463828472,1.0,2.035973072052,29.1599807739258,769.298090574272,1.00043380260468,9635625
2,365,0.1863834863359162,1.0,2.035973072052,29.1599807739258,769.298090574272,1.00043380260468,9635625
2,730,0.2274710823432675,1.0,2.035973072052,29.1599807739258,769.298090574272,1.00043380260468,9635625
2,3652,0.2944728821628192,1.0,2.035973072052,29.1599807739258,769.298090574272,1.00043380260468,9635625
2,1,0.0,2.0,2.36130428314209,16.7749691009521,855.355613547343,1.00091433525085,4539375
2,2,0.0085532176410027,2.0,2.36130428314209,16.7749691009521,855.355613547343,1.00091433525085,4539375
2,7,0.0388064007461574,2.0,2.36130428314209,16.7749691009521,855.355613547343,1.00091433525085,4539375
2,30,0.1097975769701021,2.0,2.36130428314209,16.7749691009521,855.355613547343,1.00091433525085,4539375
2,90,0.4080204731085328,2.0,2.36130428314209,16.7749691009521,855.355613547343,1.00091433525085,4539375
2,182,0.722698011235125,2.0,2.36130428314209,16.7749691009521,855.355613547343,1.00091433525085,4539375
2,365,1.033131646842377,2.0,2.36130428314209,16.7749691009521,855.355613547343,1.00091433525085,4539375
2,730,1.4662195155842974,2.0,2.36130428314209,16.7749691009521,855.355613547343,1.00091433525085,4539375
2,3652,1.860914612865921,2.0,2.36130428314209,16.7749691009521,855.355613547343,1.00091433525085,4539375
2,1,0.0,3.0,2.44796347618103,27.6563262939453,672.323890208827,1.00101029872894,2250000
2,2,0.0057052392540187,3.0,2.44796347618103,27.6563262939453,672.323890208827,1.00101029872894,2250000
2,7,0.0253595592597897,3.0,2.44796347618103,27.6563262939453,672.323890208827,1.00101029872894,2250000
2,30,0.0729474621042251,3.0,2.44796347618103,27.6563262939453,672.323890208827,1.00101029872894,2250000
2,90,0.1941473333641155,3.0,2.44796347618103,27.6563262939453,672.323890208827,1.00101029872894,2250000
2,182,0.3459715819987425,3.0,2.44796347618103,27.6563262939453,672.323890208827,1.00101029872894,2250000
2,365,0.4195839138732413,3.0,2.44796347618103,27.6563262939453,672.323890208827,1.00101029872894,2250000
2,730,0.5512057261581222,3.0,2.44796347618103,27.6563262939453,672.323890208827,1.00101029872894,2250000
2,3652,0.6427955651558246,3.0,2.44796347618103,27.6563262939453,672.323890208827,1.00101029872894,2250000
2,1,0.0,4.0,1.44525647163391,0.626507878303528,269.89366442697,1.00061619281769,708750
2,2,0.0006750431919812,4.0,1.44525647163391,0.626507878303528,269.89366442697,1.00061619281769,708750
2,7,0.0022975173499961,4.0,1.44525647163391,0.626507878303528,269.89366442697,1.00061619281769,708750
2,30,0.0058053961345371,4.0,1.44525647163391,0.626507878303528,269.89366442697,1.00061619281769,708750
2,90,0.0122141928311769,4.0,1.44525647163391,0.626507878303528,269.89366442697,1.00061619281769,708750
2,182,0.0203637825739111,4.0,1.44525647163391,0.626507878303528,269.89366442697,1.00061619281769,708750
2,365,0.0224072389338543,4.0,1.44525647163391,0.626507878303528,269.89366442697,1.00061619281769,708750
2,730,0.0246410342984375,4.0,1.44525647163391,0.626507878303528,269.89366442697,1.00061619281769,708750
2,3652,0.0268670842602532,4.0,1.44525647163391,0.626507878303528,269.89366442697,1.00061619281769,708750
8,1,0.0,8.0,2.35407280921936,15.5832471847534,547.431476745688,1.00081706047058,3605625
8,2,0.0015867022667274,8.0,2.35407280921936,15.5832471847534,547.431476745688,1.00081706047058,3605625
8,7,0.0066460906374398,8.0,2.35407280921936,15.5832471847534,547.431476745688,1.00081706047058,3605625
8,30,0.0214290949009467,8.0,2.35407280921936,15.5832471847534,547.431476745688,1.00081706047058,3605625
8,90,0.0511980284612071,8.0,2.35407280921936,15.5832471847534,547.431476745688,1.00081706047058,3605625
8,182,0.0729730238569092,8.0,2.35407280921936,15.5832471847534,547.431476745688,1.00081706047058,3605625
8,365,0.0829448703686078,8.0,2.35407280921936,15.5832471847534,547.431476745688,1.00081706047058,3605625
8,730,0.0921247582708588,8.0,2.35407280921936,15.5832471847534,547.431476745688,1.00081706047058,3605625
8,3652,0.1033339005711381,8.0,2.35407280921936,15.5832471847534,547.431476745688,1.00081706047058,3605625
8,1,0.0,3.0,3.30219411849976,44.9010391235352,633.85467537457,1.00113236904144,1569375
8,2,0.0025766623025746,3.0,3.30219411849976,44.9010391235352,633.85467537457,1.00113236904144,1569375
8,7,0.0103201598893671,3.0,3.30219411849976,44.9010391235352,633.85467537457,1.00113236904144,1569375
8,30,0.0246781566231954,3.0,3.30219411849976,44.9010391235352,633.85467537457,1.00113236904144,1569375
8,90,0.0681022701587948,3.0,3.30219411849976,44.9010391235352,633.85467537457,1.00113236904144,1569375
8,182,0.1371261284839518,3.0,3.30219411849976,44.9010391235352,633.85467537457,1.00113236904144,1569375
8,365,0.158624269524514,3.0,3.30219411849976,44.9010391235352,633.85467537457,1.00113236904144,1569375
8,730,0.1848336793982475,3.0,3.30219411849976,44.9010391235352,633.85467537457,1.00113236904144,1569375
8,3652,0.1910370671429461,3.0,3.30219411849976,44.9010391235352,633.85467537457,1.00113236904144,1569375
8,1,0.0,5.0,2.48142457008362,39.0761833190918,670.968213634448,1.0008841753006,3420000
8,2,0.002526040051818,5.0,2.48142457008362,39.0761833190918,670.968213634448,1.0008841753006,3420000
8,7,0.0098597322392511,5.0,2.48142457008362,39.0761833190918,670.968213634448,1.0008841753006,3420000
8,30,0.0272838452086052,5.0,2.48142457008362,39.0761833190918,670.968213634448,1.0008841753006,3420000
8,90,0.0597685842976054,5.0,2.48142457008362,39.0761833190918,670.968213634448,1.0008841753006,3420000
8,182,0.1111895278197212,5.0,2.48142457008362,39.0761833190918,670.968213634448,1.0008841753006,3420000
8,365,0.134513729635325,5.0,2.48142457008362,39.0761833190918,670.968213634448,1.0008841753006,3420000
8,730,0.1989231945380616,5.0,2.48142457008362,39.0761833190918,670.968213634448,1.0008841753006,3420000
8,3652,0.253565409324563,5.0,2.48142457008362,39.0761833190918,670.968213634448,1.0008841753006,3420000
8,1,0.0,1.0,2.320796251297,37.2860794067383,951.801919863141,1.00072586536407,3301875
8,2,0.0018255879318057,1.0,2.320796251297,37.2860794067383,951.801919863141,1.00072586536407,3301875
8,7,0.0073668989758993,1.0,2.320796251297,37.2860794067383,951.801919863141,1.00072586536407,3301875
8,30,0.0191465817729049,1.0,2.320796251297,37.2860794067383,951.801919863141,1.00072586536407,3301875
8,90,0.042716508364531,1.0,2.320796251297,37.2860794067383,951.801919863141,1.00072586536407,3301875
8,182,0.1077621033996638,1.0,2.320796251297,37.2860794067383,951.801919863141,1.00072586536407,3301875
8,365,0.1381291650824977,1.0,2.320796251297,37.2860794067383,951.801919863141,1.00072586536407,3301875
8,730,0.2106619656234153,1.0,2.320796251297,37.2860794067383,951.801919863141,1.00072586536407,3301875
8,3652,0.2576246233878016,1.0,2.320796251297,37.2860794067383,951.801919863141,1.00072586536407,3301875
8,1,0.0,6.0,2.47505450248718,50.6760177612305,857.543777709663,1.00054049491882,4550625
8,2,0.0035719191140186,6.0,2.47505450248718,50.6760177612305,857.543777709663,1.00054049491882,4550625
8,7,0.0148131129692547,6.0,2.47505450248718,50.6760177612305,857.543777709663,1.00054049491882,4550625
8,30,0.0366574309481053,6.0,2.47505450248718,50.6760177612305,857.543777709663,1.00054049491882,4550625
8,90,0.1097565826953555,6.0,2.47505450248718,50.6760177612305,857.543777709663,1.00054049491882,4550625
8,182,0.2332408814001978,6.0,2.47505450248718,50.6760177612305,857.543777709663,1.00054049491882,4550625
8,365,0.2979325838893798,6.0,2.47505450248718,50.6760177612305,857.543777709663,1.00054049491882,4550625
8,730,0.4460996742215818,6.0,2.47505450248718,50.6760177612305,857.543777709663,1.00054049491882,4550625
8,3652,0.6107739322555041,6.0,2.47505450248718,50.6760177612305,857.543777709663,1.00054049491882,4550625
8,1,0.0,4.0,2.40209341049194,34.424617767334,622.039774937202,1.00085401535034,4432500
8,2,0.0033921532606206,4.0,2.40209341049194,34.424617767334,622.039774937202,1.00085401535034,4432500
8,7,0.0140286707637118,4.0,2.40209341049194,34.424617767334,622.039774937202,1.00085401535034,4432500
8,30,0.0360391468357491,4.0,2.40209341049194,34.424617767334,622.039774937202,1.00085401535034,4432500
8,90,0.1015689471669502,4.0,2.40209341049194,34.424617767334,622.039774937202,1.00085401535034,4432500
8,182,0.1941245379747239,4.0,2.40209341049194,34.424617767334,622.039774937202,1.00085401535034,4432500
8,365,0.2465487220237633,4.0,2.40209341049194,34.424617767334,622.039774937202,1.00085401535034,4432500
8,730,0.3279306201431767,4.0,2.40209341049194,34.424617767334,622.039774937202,1.00085401535034,4432500
8,3652,0.449552353570494,4.0,2.40209341049194,34.424617767334,622.039774937202,1.00085401535034,4432500
8,1,0.0,2.0,3.06253290176392,35.3819007873535,694.951436414297,1.00128841400146,2424375
8,2,0.0008073384621761,2.0,3.06253290176392,35.3819007873535,694.951436414297,1.00128841400146,2424375
8,7,0.0029169729303443,2.0,3.06253290176392,35.3819007873535,694.951436414297,1.00128841400146,2424375
8,30,0.007446412565867,2.0,3.06253290176392,35.3819007873535,694.951436414297,1.00128841400146,2424375
8,90,0.0186207411956028,2.0,3.06253290176392,35.3819007873535,694.951436414297,1.00128841400146,2424375
8,182,0.0430978227349404,2.0,3.06253290176392,35.3819007873535,694.951436414297,1.00128841400146,2424375
8,365,0.0489695655895853,2.0,3.06253290176392,35.3819007873535,694.951436414297,1.00128841400146,2424375
8,730,0.0655230023457704,2.0,3.06253290176392,35.3819007873535,694.951436414297,1.00128841400146,2424375
8,3652,0.0776850462876665,2.0,3.06253290176392,35.3819007873535,694.951436414297,1.00128841400146,2424375
13,1,0.0,1.0,2.14901995658875,36.8184242248535,651.975405590372,1.00076246261597,6030000
13,2,0.00219076618775,1.0,2.14901995658875,36.8184242248535,651.975405590372,1.00076246261597,6030000
13,7,0.0078209552446462,1.0,2.14901995658875,36.8184242248535,651.975405590372,1.00076246261597,6030000
13,30,0.0209638745757345,1.0,2.14901995658875,36.8184242248535,651.975405590372,1.00076246261597,6030000
13,90,0.0446745249151832,1.0,2.14901995658875,36.8184242248535,651.975405590372,1.00076246261597,6030000
13,182,0.0700795822606453,1.0,2.14901995658875,36.8184242248535,651.975405590372,1.00076246261597,6030000
13,365,0.0762418458720259,1.0,2.14901995658875,36.8184242248535,651.975405590372,1.00076246261597,6030000
13,730,0.0843606725548013,1.0,2.14901995658875,36.8184242248535,651.975405590372,1.00076246261597,6030000
13,3652,0.0952641511758487,1.0,2.14901995658875,36.8184242248535,651.975405590372,1.00076246261597,6030000
18,1,0.0,4.0,5.05597066879272,7.96086978912354,123.025832808776,1.00339806079865,129375
18,2,0.0016343316961933,4.0,5.05597066879272,7.96086978912354,123.025832808776,1.00339806079865,129375
18,7,0.005121275722781,4.0,5.05597066879272,7.96086978912354,123.025832808776,1.00339806079865,129375
18,30,0.013022431319224,4.0,5.05597066879272,7.96086978912354,123.025832808776,1.00339806079865,129375
18,90,0.0274766933281444,4.0,5.05597066879272,7.96086978912354,123.025832808776,1.00339806079865,129375
18,182,0.0455999859724022,4.0,5.05597066879272,7.96086978912354,123.025832808776,1.00339806079865,129375
18,365,0.0481160170316837,4.0,5.05597066879272,7.96086978912354,123.025832808776,1.00339806079865,129375
18,730,0.0497953805544372,4.0,5.05597066879272,7.96086978912354,123.025832808776,1.00339806079865,129375
18,3652,0.0515095706017609,4.0,5.05597066879272,7.96086978912354,123.025832808776,1.00339806079865,129375
19,1,0.0,1.0,0.251255035400391,2.3529360294342,666.396229390955,1.00004279613495,1935000
19,2,0.0073289447235448,1.0,0.251255035400391,2.3529360294342,666.396229390955,1.00004279613495,1935000
19,7,0.0317318278262551,1.0,0.251255035400391,2.3529360294342,666.396229390955,1.00004279613495,1935000
19,30,0.085848031856365,1.0,0.251255035400391,2.3529360294342,666.396229390955,1.00004279613495,1935000
19,90,0.1988494275781533,1.0,0.251255035400391,2.3529360294342,666.396229390955,1.00004279613495,1935000
19,182,0.359745411679045,1.0,0.251255035400391,2.3529360294342,666.396229390955,1.00004279613495,1935000
19,365,0.4254579102738617,1.0,0.251255035400391,2.3529360294342,666.396229390955,1.00004279613495,1935000
19,730,0.4681799018693393,1.0,0.251255035400391,2.3529360294342,666.396229390955,1.00004279613495,1935000
19,3652,0.4932405849300914,1.0,0.251255035400391,2.3529360294342,666.396229390955,1.00004279613495,1935000
19,1,0.0,2.0,1.2602037191391,6.41334772109985,776.387057887321,1.00029516220093,2655000
19,2,0.0071558985505027,2.0,1.2602037191391,6.41334772109985,776.387057887321,1.00029516220093,2655000
19,7,0.0309267692467264,2.0,1.2602037191391,6.41334772109985,776.387057887321,1.00029516220093,2655000
19,30,0.087639745106709,2.0,1.2602037191391,6.41334772109985,776.387057887321,1.00029516220093,2655000
19,90,0.205911826402876,2.0,1.2602037191391,6.41334772109985,776.387057887321,1.00029516220093,2655000
19,182,0.3451108524920454,2.0,1.2602037191391,6.41334772109985,776.387057887321,1.00029516220093,2655000
19,365,0.4082506829503288,2.0,1.2602037191391,6.41334772109985,776.387057887321,1.00029516220093,2655000
19,730,0.4493123002907788,2.0,1.2602037191391,6.41334772109985,776.387057887321,1.00029516220093,2655000
19,3652,0.4699589938324995,2.0,1.2602037191391,6.41334772109985,776.387057887321,1.00029516220093,2655000
33,1,0.0,3.0,5.26095294952393,75.1176071166992,587.053601812783,1.0031521320343,2970000
33,2,0.002018266583456,3.0,5.26095294952393,75.1176071166992,587.053601812783,1.0031521320343,2970000
33,7,0.0158513354869977,3.0,5.26095294952393,75.1176071166992,587.053601812783,1.0031521320343,2970000
33,30,0.0429242156019268,3.0,5.26095294952393,75.1176071166992,587.053601812783,1.0031521320343,2970000
33,90,0.002018266583456,3.0,5.26095294952393,75.1176071166992,587.053601812783,1.0031521320343,2970000
33,182,0.002018266583456,3.0,5.26095294952393,75.1176071166992,587.053601812783,1.0031521320343,2970000
33,365,0.4336311874394405,3.0,5.26095294952393,75.1176071166992,587.053601812783,1.0031521320343,2970000
33,730,0.5663059644102506,3.0,5.26095294952393,75.1176071166992,587.053601812783,1.0031521320343,2970000
33,3652,0.002018266583456,3.0,5.26095294952393,75.1176071166992,587.053601812783,1.0031521320343,2970000
33,1,0.0,2.0,6.69443559646606,67.1383438110352,709.139516458692,1.0057178735733,3256875
33,2,0.0028055158001391,2.0,6.69443559646606,67.1383438110352,709.139516458692,1.0057178735733,3256875
33,7,0.0274390846980751,2.0,6.69443559646606,67.1383438110352,709.139516458692,1.0057178735733,3256875
33,30,0.0843838997550839,2.0,6.69443559646606,67.1383438110352,709.139516458692,1.0057178735733,3256875
33,90,0.0028055158001391,2.0,6.69443559646606,67.1383438110352,709.139516458692,1.0057178735733,3256875
33,182,0.0028055158001391,2.0,6.69443559646606,67.1383438110352,709.139516458692,1.0057178735733,3256875
33,365,0.4379233684103368,2.0,6.69443559646606,67.1383438110352,709.139516458692,1.0057178735733,3256875
33,730,0.4715741092291864,2.0,6.69443559646606,67.1383438110352,709.139516458692,1.0057178735733,3256875
33,3652,0.0028055158001391,2.0,6.69443559646606,67.1383438110352,709.139516458692,1.0057178735733,3256875
33,1,0.0,5.0,4.77822113037109,78.7174987792969,674.955701856691,1.00224244594574,3020625
33,2,6.477501234410618e-05,5.0,4.77822113037109,78.7174987792969,674.955701856691,1.00224244594574,3020625
33,7,0.0175098137751292,5.0,4.77822113037109,78.7174987792969,674.955701856691,1.00224244594574,3020625
33,30,0.0431829231327103,5.0,4.77822113037109,78.7174987792969,674.955701856691,1.00224244594574,3020625
33,90,6.477501234410618e-05,5.0,4.77822113037109,78.7174987792969,674.955701856691,1.00224244594574,3020625
33,182,6.477501234410618e-05,5.0,4.77822113037109,78.7174987792969,674.955701856691,1.00224244594574,3020625
33,365,0.2878766312326524,5.0,4.77822113037109,78.7174987792969,674.955701856691,1.00224244594574,3020625
33,730,0.3290564963951961,5.0,4.77822113037109,78.7174987792969,674.955701856691,1.00224244594574,3020625
33,3652,6.477501234410618e-05,5.0,4.77822113037109,78.7174987792969,674.955701856691,1.00224244594574,3020625
33,1,0.0,4.0,4.96639728546143,68.5623321533203,717.451937904478,1.00198543071747,3330000
33,2,6.743495761743045e-05,4.0,4.96639728546143,68.5623321533203,717.451937904478,1.00198543071747,3330000
33,7,0.0196386724185224,4.0,4.96639728546143,68.5623321533203,717.451937904478,1.00198543071747,3330000
33,30,0.0459081173542829,4.0,4.96639728546143,68.5623321533203,717.451937904478,1.00198543071747,3330000
33,90,6.743495761743045e-05,4.0,4.96639728546143,68.5623321533203,717.451937904478,1.00198543071747,3330000
33,182,6.743495761743045e-05,4.0,4.96639728546143,68.5623321533203,717.451937904478,1.00198543071747,3330000
33,365,0.5309199453203659,4.0,4.96639728546143,68.5623321533203,717.451937904478,1.00198543071747,3330000
33,730,0.7985887205989125,4.0,4.96639728546143,68.5623321533203,717.451937904478,1.00198543071747,3330000
33,3652,6.743495761743045e-05,4.0,4.96639728546143,68.5623321533203,717.451937904478,1.00198543071747,3330000
33,1,0.0,6.0,5.05927991867065,79.4788284301758,582.548319031663,1.00196623802185,4224375
33,2,0.0021696318585008,6.0,5.05927991867065,79.4788284301758,582.548319031663,1.00196623802185,4224375
33,7,0.0131758162594608,6.0,5.05927991867065,79.4788284301758,582.548319031663,1.00196623802185,4224375
33,30,0.0369606031592713,6.0,5.05927991867065,79.4788284301758,582.548319031663,1.00196623802185,4224375
33,90,0.0021696318585008,6.0,5.05927991867065,79.4788284301758,582.548319031663,1.00196623802185,4224375
33,182,0.0021696318585008,6.0,5.05927991867065,79.4788284301758,582.548319031663,1.00196623802185,4224375
33,365,0.2155664319531962,6.0,5.05927991867065,79.4788284301758,582.548319031663,1.00196623802185,4224375
33,730,0.250502530456502,6.0,5.05927991867065,79.4788284301758,582.548319031663,1.00196623802185,4224375
33,3652,0.0021696318585008,6.0,5.05927991867065,79.4788284301758,582.548319031663,1.00196623802185,4224375
33,1,0.0,7.0,4.86265134811401,84.234375,526.098333947334,1.00234735012054,3436875
33,2,0.0024822141967547,7.0,4.86265134811401,84.234375,526.098333947334,1.00234735012054,3436875
33,7,0.0077755379352878,7.0,4.86265134811401,84.234375,526.098333947334,1.00234735012054,3436875
33,30,0.019899778640195,7.0,4.86265134811401,84.234375,526.098333947334,1.00234735012054,3436875
33,90,0.0024822141967547,7.0,4.86265134811401,84.234375,526.098333947334,1.00234735012054,3436875
33,182,0.0024822141967547,7.0,4.86265134811401,84.234375,526.098333947334,1.00234735012054,3436875
33,365,0.0940651214389879,7.0,4.86265134811401,84.234375,526.098333947334,1.00234735012054,3436875
33,730,0.1022949628701073,7.0,4.86265134811401,84.234375,526.098333947334,1.00234735012054,3436875
33,3652,0.0024822141967547,7.0,4.86265134811401,84.234375,526.098333947334,1.00234735012054,3436875
33,1,0.0,8.0,4.60343551635742,112.253288269043,541.729865960385,1.00212299823761,6682500
33,2,0.003327302311581,8.0,4.60343551635742,112.253288269043,541.729865960385,1.00212299823761,6682500
33,7,0.0153309023791771,8.0,4.60343551635742,112.253288269043,541.729865960385,1.00212299823761,6682500
33,30,0.0379180863690924,8.0,4.60343551635742,112.253288269043,541.729865960385,1.00212299823761,6682500
33,90,0.003327302311581,8.0,4.60343551635742,112.253288269043,541.729865960385,1.00212299823761,6682500
33,182,0.003327302311581,8.0,4.60343551635742,112.253288269043,541.729865960385,1.00212299823761,6682500
33,365,0.336860259786334,8.0,4.60343551635742,112.253288269043,541.729865960385,1.00212299823761,6682500
33,730,0.5048953281477985,8.0,4.60343551635742,112.253288269043,541.729865960385,1.00212299823761,6682500
33,3652,0.003327302311581,8.0,4.60343551635742,112.253288269043,541.729865960385,1.00212299823761,6682500
33,1,0.0,9.0,4.76127815246582,115.677703857422,724.584943275861,1.00211012363434,8448750
33,2,0.0022826169439025,9.0,4.76127815246582,115.677703857422,724.584943275861,1.00211012363434,8448750
33,7,0.0160269418129041,9.0,4.76127815246582,115.677703857422,724.584943275861,1.00211012363434,8448750
33,30,0.0414419683528203,9.0,4.76127815246582,115.677703857422,724.584943275861,1.00211012363434,8448750
33,90,0.0022826169439025,9.0,4.76127815246582,115.677703857422,724.584943275861,1.00211012363434,8448750
33,182,0.0022826169439025,9.0,4.76127815246582,115.677703857422,724.584943275861,1.00211012363434,8448750
33,365,0.3457010977578436,9.0,4.76127815246582,115.677703857422,724.584943275861,1.00211012363434,8448750
33,730,0.5081771591771534,9.0,4.76127815246582,115.677703857422,724.584943275861,1.00211012363434,8448750
33,3652,0.0022826169439025,9.0,4.76127815246582,115.677703857422,724.584943275861,1.00211012363434,8448750
35,1,0.0,7.0,3.14811706542969,34.4549217224121,533.230704357682,1.00090372562408,3943125
35,2,0.0031987985053853,7.0,3.14811706542969,34.4549217224121,533.230704357682,1.00090372562408,3943125
35,7,0.012919901517453,7.0,3.14811706542969,34.4549217224121,533.230704357682,1.00090372562408,3943125
35,30,0.0365060346672665,7.0,3.14811706542969,34.4549217224121,533.230704357682,1.00090372562408,3943125
35,90,0.08827861240102,7.0,3.14811706542969,34.4549217224121,533.230704357682,1.00090372562408,3943125
35,182,0.0036318529996135,7.0,3.14811706542969,34.4549217224121,533.230704357682,1.00090372562408,3943125
35,365,0.1887013125316086,7.0,3.14811706542969,34.4549217224121,533.230704357682,1.00090372562408,3943125
35,730,0.0036318529996135,7.0,3.14811706542969,34.4549217224121,533.230704357682,1.00090372562408,3943125
35,3652,0.0036318529996135,7.0,3.14811706542969,34.4549217224121,533.230704357682,1.00090372562408,3943125
35,1,0.0,6.0,3.48396944999695,30.139289855957,242.837952094719,1.0011293888092,1575000
35,2,0.0028531623903825,6.0,3.48396944999695,30.139289855957,242.837952094719,1.0011293888092,1575000
35,7,0.0114315193476664,6.0,3.48396944999695,30.139289855957,242.837952094719,1.0011293888092,1575000
35,30,0.0342316904238335,6.0,3.48396944999695,30.139289855957,242.837952094719,1.0011293888092,1575000
35,90,0.0773572991303985,6.0,3.48396944999695,30.139289855957,242.837952094719,1.0011293888092,1575000
35,182,0.0027261767355532,6.0,3.48396944999695,30.139289855957,242.837952094719,1.0011293888092,1575000
35,365,0.1273314119849048,6.0,3.48396944999695,30.139289855957,242.837952094719,1.0011293888092,1575000
35,730,0.0027261767355532,6.0,3.48396944999695,30.139289855957,242.837952094719,1.0011293888092,1575000
35,3652,0.0027261767355532,6.0,3.48396944999695,30.139289855957,242.837952094719,1.0011293888092,1575000
35,1,0.0,5.0,5.11849212646484,55.5999984741211,535.136391652323,1.00221502780914,3864375
35,2,0.0029212378202128,5.0,5.11849212646484,55.5999984741211,535.136391652323,1.00221502780914,3864375
35,7,0.0118953834654631,5.0,5.11849212646484,55.5999984741211,535.136391652323,1.00221502780914,3864375
35,30,0.0325120344590474,5.0,5.11849212646484,55.5999984741211,535.136391652323,1.00221502780914,3864375
35,90,0.0862621248744049,5.0,5.11849212646484,55.5999984741211,535.136391652323,1.00221502780914,3864375
35,182,0.0018106717849554,5.0,5.11849212646484,55.5999984741211,535.136391652323,1.00221502780914,3864375
35,365,0.1680150677179108,5.0,5.11849212646484,55.5999984741211,535.136391652323,1.00221502780914,3864375
35,730,0.0018106717849554,5.0,5.11849212646484,55.5999984741211,535.136391652323,1.00221502780914,3864375
35,3652,0.0018106717849554,5.0,5.11849212646484,55.5999984741211,535.136391652323,1.00221502780914,3864375
35,1,0.0,4.0,4.28629636764526,62.4753532409668,778.938593104925,1.00157797336578,2396250
35,2,0.0031140558186317,4.0,4.28629636764526,62.4753532409668,778.938593104925,1.00157797336578,2396250
35,7,0.0126962701803336,4.0,4.28629636764526,62.4753532409668,778.938593104925,1.00157797336578,2396250
35,30,0.0351576050633185,4.0,4.28629636764526,62.4753532409668,778.938593104925,1.00157797336578,2396250
35,90,0.0813713179051091,4.0,4.28629636764526,62.4753532409668,778.938593104925,1.00157797336578,2396250
35,182,0.0010399296135287,4.0,4.28629636764526,62.4753532409668,778.938593104925,1.00157797336578,2396250
35,365,0.1732266538130741,4.0,4.28629636764526,62.4753532409668,778.938593104925,1.00157797336578,2396250
35,730,0.0010399296135287,4.0,4.28629636764526,62.4753532409668,778.938593104925,1.00157797336578,2396250
35,3652,0.0010399296135287,4.0,4.28629636764526,62.4753532409668,778.938593104925,1.00157797336578,2396250
35,1,0.0,8.0,2.6825258731842,30.3492298126221,831.465742067271,1.00066101551056,1462500
35,2,0.0055401589824067,8.0,2.6825258731842,30.3492298126221,831.465742067271,1.00066101551056,1462500
35,7,0.0220042841097064,8.0,2.6825258731842,30.3492298126221,831.465742067271,1.00066101551056,1462500
35,30,0.0641604967373154,8.0,2.6825258731842,30.3492298126221,831.465742067271,1.00066101551056,1462500
35,90,0.1574924495483183,8.0,2.6825258731842,30.3492298126221,831.465742067271,1.00066101551056,1462500
35,182,0.003606225586501,8.0,2.6825258731842,30.3492298126221,831.465742067271,1.00066101551056,1462500
35,365,0.2890753593228852,8.0,2.6825258731842,30.3492298126221,831.465742067271,1.00066101551056,1462500
35,730,0.003606225586501,8.0,2.6825258731842,30.3492298126221,831.465742067271,1.00066101551056,1462500
35,3652,0.003606225586501,8.0,2.6825258731842,30.3492298126221,831.465742067271,1.00066101551056,1462500
35,1,0.0,9.0,2.9782133102417,31.7158126831055,1009.29822442476,1.00080227851868,1316250
35,2,0.002497158839842,9.0,2.9782133102417,31.7158126831055,1009.29822442476,1.00080227851868,1316250
35,7,0.0088445460548075,9.0,2.9782133102417,31.7158126831055,1009.29822442476,1.00080227851868,1316250
35,30,0.0252357890430049,9.0,2.9782133102417,31.7158126831055,1009.29822442476,1.00080227851868,1316250
35,90,0.0489208359766,9.0,2.9782133102417,31.7158126831055,1009.29822442476,1.00080227851868,1316250
35,182,0.0031028964881321,9.0,2.9782133102417,31.7158126831055,1009.29822442476,1.00080227851868,1316250
35,365,0.0795270086854965,9.0,2.9782133102417,31.7158126831055,1009.29822442476,1.00080227851868,1316250
35,730,0.0031028964881321,9.0,2.9782133102417,31.7158126831055,1009.29822442476,1.00080227851868,1316250
35,3652,0.0031028964881321,9.0,2.9782133102417,31.7158126831055,1009.29822442476,1.00080227851868,1316250
35,1,0.0,12.0,6.02092504501343,66.2298278808594,721.589057410624,1.00279235839844,3206250
35,2,0.0048374832153588,12.0,6.02092504501343,66.2298278808594,721.589057410624,1.00279235839844,3206250
35,7,0.0232766313293,12.0,6.02092504501343,66.2298278808594,721.589057410624,1.00279235839844,3206250
35,30,0.0559281700269176,12.0,6.02092504501343,66.2298278808594,721.589057410624,1.00279235839844,3206250
35,90,0.205651067122906,12.0,6.02092504501343,66.2298278808594,721.589057410624,1.00279235839844,3206250
35,182,0.0030016882065456,12.0,6.02092504501343,66.2298278808594,721.589057410624,1.00279235839844,3206250
35,365,0.5988163462371279,12.0,6.02092504501343,66.2298278808594,721.589057410624,1.00279235839844,3206250
35,730,0.0030016882065456,12.0,6.02092504501343,66.2298278808594,721.589057410624,1.00279235839844,3206250
35,3652,0.0030016882065456,12.0,6.02092504501343,66.2298278808594,721.589057410624,1.00279235839844,3206250
35,1,0.0,11.0,3.26310062408447,35.6014823913574,543.911759392797,1.0008716583252,1895625
35,2,0.0018299947701747,11.0,3.26310062408447,35.6014823913574,543.911759392797,1.0008716583252,1895625
35,7,0.0065034214457522,11.0,3.26310062408447,35.6014823913574,543.911759392797,1.0008716583252,1895625
35,30,0.0183078511618471,11.0,3.26310062408447,35.6014823913574,543.911759392797,1.0008716583252,1895625
35,90,0.036544170049638,11.0,3.26310062408447,35.6014823913574,543.911759392797,1.0008716583252,1895625
35,182,0.0023827622074321,11.0,3.26310062408447,35.6014823913574,543.911759392797,1.0008716583252,1895625
35,365,0.0627550165659134,11.0,3.26310062408447,35.6014823913574,543.911759392797,1.0008716583252,1895625
35,730,0.0023827622074321,11.0,3.26310062408447,35.6014823913574,543.911759392797,1.0008716583252,1895625
35,3652,0.0023827622074321,11.0,3.26310062408447,35.6014823913574,543.911759392797,1.0008716583252,1895625
35,1,0.0,13.0,4.50430011749268,43.4504547119141,541.828258250232,1.00195753574371,4938750
35,2,0.0024637179505075,13.0,4.50430011749268,43.4504547119141,541.828258250232,1.00195753574371,4938750
35,7,0.0096694133059402,13.0,4.50430011749268,43.4504547119141,541.828258250232,1.00195753574371,4938750
35,30,0.0263597846723194,13.0,4.50430011749268,43.4504547119141,541.828258250232,1.00195753574371,4938750
35,90,0.0664451143125573,13.0,4.50430011749268,43.4504547119141,541.828258250232,1.00195753574371,4938750
35,182,0.0026145668813968,13.0,4.50430011749268,43.4504547119141,541.828258250232,1.00195753574371,4938750
35,365,0.148802697767409,13.0,4.50430011749268,43.4504547119141,541.828258250232,1.00195753574371,4938750
35,730,0.0026145668813968,13.0,4.50430011749268,43.4504547119141,541.828258250232,1.00195753574371,4938750
35,3652,0.0026145668813968,13.0,4.50430011749268,43.4504547119141,541.828258250232,1.00195753574371,4938750
35,2,0.0040163836076323,2.0,4.01638698577881,67.2116851806641,535.958990707417,1.00127065181732,3706875
35,7,0.0183145916957657,2.0,4.01638698577881,67.2116851806641,535.958990707417,1.00127065181732,3706875
35,30,0.0452533395230253,2.0,4.01638698577881,67.2116851806641,535.958990707417,1.00127065181732,3706875
35,90,0.1254603657736729,2.0,4.01638698577881,67.2116851806641,535.958990707417,1.00127065181732,3706875
35,182,0.0023704869407504,2.0,4.01638698577881,67.2116851806641,535.958990707417,1.00127065181732,3706875
35,365,0.3354194644468199,2.0,4.01638698577881,67.2116851806641,535.958990707417,1.00127065181732,3706875
35,730,0.0023704869407504,2.0,4.01638698577881,67.2116851806641,535.958990707417,1.00127065181732,3706875
35,3652,0.0023704869407504,2.0,4.01638698577881,67.2116851806641,535.958990707417,1.00127065181732,3706875
37,1,0.0,3.0,5.20619821548462,102.336456298828,479.812172607868,1.00250244140625,4798125
37,2,0.0042208166675517,3.0,5.20619821548462,102.336456298828,479.812172607868,1.00250244140625,4798125
37,7,0.0191768163750198,3.0,5.20619821548462,102.336456298828,479.812172607868,1.00250244140625,4798125
37,30,0.0438076057251904,3.0,5.20619821548462,102.336456298828,479.812172607868,1.00250244140625,4798125
37,90,0.1327850566058465,3.0,5.20619821548462,102.336456298828,479.812172607868,1.00250244140625,4798125
37,182,0.3046425959992441,3.0,5.20619821548462,102.336456298828,479.812172607868,1.00250244140625,4798125
37,365,0.00312831315743,3.0,5.20619821548462,102.336456298828,479.812172607868,1.00250244140625,4798125
37,730,0.5357710546874161,3.0,5.20619821548462,102.336456298828,479.812172607868,1.00250244140625,4798125
37,3652,0.00312831315743,3.0,5.20619821548462,102.336456298828,479.812172607868,1.00250244140625,4798125
37,1,0.0,2.0,3.50271368026733,111.664138793945,562.146340584724,1.00112843513489,4674375
37,2,0.0041421631469509,2.0,3.50271368026733,111.664138793945,562.146340584724,1.00112843513489,4674375
37,7,0.0185666163269423,2.0,3.50271368026733,111.664138793945,562.146340584724,1.00112843513489,4674375
37,30,0.0412643172482057,2.0,3.50271368026733,111.664138793945,562.146340584724,1.00112843513489,4674375
37,90,0.1521723189481406,2.0,3.50271368026733,111.664138793945,562.146340584724,1.00112843513489,4674375
37,182,0.3077776392385274,2.0,3.50271368026733,111.664138793945,562.146340584724,1.00112843513489,4674375
37,365,5.670955180098917e-05,2.0,3.50271368026733,111.664138793945,562.146340584724,1.00112843513489,4674375
37,730,0.8350114315482111,2.0,3.50271368026733,111.664138793945,562.146340584724,1.00112843513489,4674375
37,3652,5.670955180098917e-05,2.0,3.50271368026733,111.664138793945,562.146340584724,1.00112843513489,4674375
37,1,0.0,4.0,4.6274676322937,104.724395751953,655.942921666706,1.00215864181519,2098125
37,2,0.0027671458027591,4.0,4.6274676322937,104.724395751953,655.942921666706,1.00215864181519,2098125
37,7,0.0120761144508212,4.0,4.6274676322937,104.724395751953,655.942921666706,1.00215864181519,2098125
37,30,0.0332896530520414,4.0,4.6274676322937,104.724395751953,655.942921666706,1.00215864181519,2098125
37,90,0.0950779398507464,4.0,4.6274676322937,104.724395751953,655.942921666706,1.00215864181519,2098125
37,182,0.1570918753689669,4.0,4.6274676322937,104.724395751953,655.942921666706,1.00215864181519,2098125
37,365,0.0022449047761575,4.0,4.6274676322937,104.724395751953,655.942921666706,1.00215864181519,2098125
37,730,0.2262658111375849,4.0,4.6274676322937,104.724395751953,655.942921666706,1.00215864181519,2098125
37,3652,0.0022449047761575,4.0,4.6274676322937,104.724395751953,655.942921666706,1.00215864181519,2098125
37,1,0.0,5.0,6.23180675506592,84.6280059814453,423.078516101941,1.00429332256317,4117500
37,2,0.0036933165705427,5.0,6.23180675506592,84.6280059814453,423.078516101941,1.00429332256317,4117500
37,7,0.0163502344189411,5.0,6.23180675506592,84.6280059814453,423.078516101941,1.00429332256317,4117500
37,30,0.0461235585630376,5.0,6.23180675506592,84.6280059814453,423.078516101941,1.00429332256317,4117500
37,90,0.1201495621242839,5.0,6.23180675506592,84.6280059814453,423.078516101941,1.00429332256317,4117500
37,182,0.2152104302365829,5.0,6.23180675506592,84.6280059814453,423.078516101941,1.00429332256317,4117500
37,365,0.0018901407783915,5.0,6.23180675506592,84.6280059814453,423.078516101941,1.00429332256317,4117500
37,730,0.2498343773610825,5.0,6.23180675506592,84.6280059814453,423.078516101941,1.00429332256317,4117500
37,3652,0.0018901407783915,5.0,6.23180675506592,84.6280059814453,423.078516101941,1.00429332256317,4117500
37,1,0.0,7.0,5.60323476791382,95.5062026977539,505.713888442397,1.00349736213684,7976250
37,2,0.0041050618367547,7.0,5.60323476791382,95.5062026977539,505.713888442397,1.00349736213684,7976250
37,7,0.0183739655392415,7.0,5.60323476791382,95.5062026977539,505.713888442397,1.00349736213684,7976250
37,30,0.0460388261395875,7.0,5.60323476791382,95.5062026977539,505.713888442397,1.00349736213684,7976250
37,90,0.1274080188470145,7.0,5.60323476791382,95.5062026977539,505.713888442397,1.00349736213684,7976250
37,182,0.2536399824301198,7.0,5.60323476791382,95.5062026977539,505.713888442397,1.00349736213684,7976250
37,365,0.0025834888028498,7.0,5.60323476791382,95.5062026977539,505.713888442397,1.00349736213684,7976250
37,730,0.3614071482030483,7.0,5.60323476791382,95.5062026977539,505.713888442397,1.00349736213684,7976250
37,3652,0.0025834888028498,7.0,5.60323476791382,95.5062026977539,505.713888442397,1.00349736213684,7976250
37,1,0.0,12.0,7.8656530380249,49.9314308166504,139.374922629306,1.00557446479797,196875
37,2,0.0032572954467453,12.0,7.8656530380249,49.9314308166504,139.374922629306,1.00557446479797,196875
37,7,0.0119831461906685,12.0,7.8656530380249,49.9314308166504,139.374922629306,1.00557446479797,196875
37,30,0.0345111738904163,12.0,7.8656530380249,49.9314308166504,139.374922629306,1.00557446479797,196875
37,90,0.0639416155171171,12.0,7.8656530380249,49.9314308166504,139.374922629306,1.00557446479797,196875
37,182,0.0836926516504312,12.0,7.8656530380249,49.9314308166504,139.374922629306,1.00557446479797,196875
37,365,0.0024270924541165,12.0,7.8656530380249,49.9314308166504,139.374922629306,1.00557446479797,196875
37,730,0.0887751518357118,12.0,7.8656530380249,49.9314308166504,139.374922629306,1.00557446479797,196875
37,3652,0.0024270924541165,12.0,7.8656530380249,49.9314308166504,139.374922629306,1.00557446479797,196875
37,1,0.0,6.0,7.82267093658447,54.2229347229004,145.603330083899,1.00601744651794,613125
37,2,0.0017319587049557,6.0,7.82267093658447,54.2229347229004,145.603330083899,1.00601744651794,613125
37,7,0.0065871572000917,6.0,7.82267093658447,54.2229347229004,145.603330083899,1.00601744651794,613125
37,30,0.0173966106601116,6.0,7.82267093658447,54.2229347229004,145.603330083899,1.00601744651794,613125
37,90,0.0403317259768416,6.0,7.82267093658447,54.2229347229004,145.603330083899,1.00601744651794,613125
37,182,0.0686957433069524,6.0,7.82267093658447,54.2229347229004,145.603330083899,1.00601744651794,613125
37,365,0.002053357430413,6.0,7.82267093658447,54.2229347229004,145.603330083899,1.00601744651794,613125
37,730,0.0807126314498678,6.0,7.82267093658447,54.2229347229004,145.603330083899,1.00601744651794,613125
37,3652,0.002053357430413,6.0,7.82267093658447,54.2229347229004,145.603330083899,1.00601744651794,613125
37,1,0.0,8.0,5.11476945877075,89.3728637695313,780.774633292829,1.0024653673172,1181250
37,2,0.0020163246968066,8.0,5.11476945877075,89.3728637695313,780.774633292829,1.0024653673172,1181250
37,7,0.0094556236569648,8.0,5.11476945877075,89.3728637695313,780.774633292829,1.0024653673172,1181250
37,30,0.0230705923600542,8.0,5.11476945877075,89.3728637695313,780.774633292829,1.0024653673172,1181250
37,90,0.0547660488393959,8.0,5.11476945877075,89.3728637695313,780.774633292829,1.0024653673172,1181250
37,182,0.1110115936258895,8.0,5.11476945877075,89.3728637695313,780.774633292829,1.0024653673172,1181250
37,365,6.227427565503887e-05,8.0,5.11476945877075,89.3728637695313,780.774633292829,1.0024653673172,1181250
37,730,0.1722479587761677,8.0,5.11476945877075,89.3728637695313,780.774633292829,1.0024653673172,1181250
37,3652,6.227427565503887e-05,8.0,5.11476945877075,89.3728637695313,780.774633292829,1.0024653673172,1181250
37,1,0.0,9.0,7.99075078964233,95.7330474853516,667.977190493564,1.0062495470047,4016250
37,2,0.0023949653226803,9.0,7.99075078964233,95.7330474853516,667.977190493564,1.0062495470047,4016250
37,7,0.0099480243634804,9.0,7.99075078964233,95.7330474853516,667.977190493564,1.0062495470047,4016250
37,30,0.0310650710676055,9.0,7.99075078964233,95.7330474853516,667.977190493564,1.0062495470047,4016250
37,90,0.0851915672180355,9.0,7.99075078964233,95.7330474853516,667.977190493564,1.0062495470047,4016250
37,182,0.1528367970968075,9.0,7.99075078964233,95.7330474853516,667.977190493564,1.0062495470047,4016250
37,365,0.0020697018210069,9.0,7.99075078964233,95.7330474853516,667.977190493564,1.0062495470047,4016250
37,730,0.2181481666904194,9.0,7.99075078964233,95.7330474853516,667.977190493564,1.0062495470047,4016250
37,3652,0.0020697018210069,9.0,7.99075078964233,95.7330474853516,667.977190493564,1.0062495470047,4016250
38,1,0.0,1.0,8.57888031005859,222.657196044922,609.653351049048,1.00753569602966,9551250
38,2,0.0043245708065314,1.0,8.57888031005859,222.657196044922,609.653351049048,1.00753569602966,9551250
38,7,0.0199121598652865,1.0,8.57888031005859,222.657196044922,609.653351049048,1.00753569602966,9551250
38,30,0.0021469341056394,1.0,8.57888031005859,222.657196044922,609.653351049048,1.00753569602966,9551250
38,90,0.1624151745273434,1.0,8.57888031005859,222.657196044922,609.653351049048,1.00753569602966,9551250
38,182,0.3108797863741226,1.0,8.57888031005859,222.657196044922,609.653351049048,1.00753569602966,9551250
38,365,0.0021469341056394,1.0,8.57888031005859,222.657196044922,609.653351049048,1.00753569602966,9551250
38,730,0.0021469341056394,1.0,8.57888031005859,222.657196044922,609.653351049048,1.00753569602966,9551250
38,3652,0.0021469341056394,1.0,8.57888031005859,222.657196044922,609.653351049048,1.00753569602966,9551250
38,1,0.0,2.0,10.4242429733276,186.145324707031,479.220864195512,1.01065957546234,5709375
38,2,0.0047130041838266,2.0,10.4242429733276,186.145324707031,479.220864195512,1.01065957546234,5709375
38,7,0.0230208995710137,2.0,10.4242429733276,186.145324707031,479.220864195512,1.01065957546234,5709375
38,30,0.002712617335012,2.0,10.4242429733276,186.145324707031,479.220864195512,1.01065957546234,5709375
38,90,0.169955258501963,2.0,10.4242429733276,186.145324707031,479.220864195512,1.01065957546234,5709375
38,182,0.3580396680889587,2.0,10.4242429733276,186.145324707031,479.220864195512,1.01065957546234,5709375
38,365,0.002712617335012,2.0,10.4242429733276,186.145324707031,479.220864195512,1.01065957546234,5709375
38,730,0.002712617335012,2.0,10.4242429733276,186.145324707031,479.220864195512,1.01065957546234,5709375
38,3652,0.002712617335012,2.0,10.4242429733276,186.145324707031,479.220864195512,1.01065957546234,5709375
38,1,0.0,9.0,11.6208362579346,166.334991455078,276.975919754679,1.01896989345551,337500
38,2,0.002143384352977,9.0,11.6208362579346,166.334991455078,276.975919754679,1.01896989345551,337500
38,7,0.008581509127943,9.0,11.6208362579346,166.334991455078,276.975919754679,1.01896989345551,337500
38,30,5.258197308384026e-05,9.0,11.6208362579346,166.334991455078,276.975919754679,1.01896989345551,337500
38,90,0.0485096707170933,9.0,11.6208362579346,166.334991455078,276.975919754679,1.01896989345551,337500
38,182,0.0746576975442947,9.0,11.6208362579346,166.334991455078,276.975919754679,1.01896989345551,337500
38,365,5.258197308384026e-05,9.0,11.6208362579346,166.334991455078,276.975919754679,1.01896989345551,337500
38,730,5.258197308384026e-05,9.0,11.6208362579346,166.334991455078,276.975919754679,1.01896989345551,337500
38,3652,5.258197308384026e-05,9.0,11.6208362579346,166.334991455078,276.975919754679,1.01896989345551,337500
38,1,0.0,3.0,8.25208187103272,241.065704345703,534.449348719106,1.00637483596802,8330625
38,2,0.0066687622083071,3.0,8.25208187103272,241.065704345703,534.449348719106,1.00637483596802,8330625
38,7,0.0326604035328864,3.0,8.25208187103272,241.065704345703,534.449348719106,1.00637483596802,8330625
38,30,0.0021037011591758,3.0,8.25208187103272,241.065704345703,534.449348719106,1.00637483596802,8330625
38,90,0.2393593888622028,3.0,8.25208187103272,241.065704345703,534.449348719106,1.00637483596802,8330625
38,182,0.518275283521403,3.0,8.25208187103272,241.065704345703,534.449348719106,1.00637483596802,8330625
38,365,0.0021037011591758,3.0,8.25208187103272,241.065704345703,534.449348719106,1.00637483596802,8330625
38,730,0.0021037011591758,3.0,8.25208187103272,241.065704345703,534.449348719106,1.00637483596802,8330625
38,3652,0.0021037011591758,3.0,8.25208187103272,241.065704345703,534.449348719106,1.00637483596802,8330625
38,1,0.0,5.0,5.88048410415649,198.908416748047,653.178292162341,1.00343871116638,4213125
38,2,0.0030507580111962,5.0,5.88048410415649,198.908416748047,653.178292162341,1.00343871116638,4213125
38,7,0.0126711251460026,5.0,5.88048410415649,198.908416748047,653.178292162341,1.00343871116638,4213125
38,30,0.0029197750948896,5.0,5.88048410415649,198.908416748047,653.178292162341,1.00343871116638,4213125
38,90,0.0822597009309457,5.0,5.88048410415649,198.908416748047,653.178292162341,1.00343871116638,4213125
38,182,0.1816653060011675,5.0,5.88048410415649,198.908416748047,653.178292162341,1.00343871116638,4213125
38,365,0.0029197750948896,5.0,5.88048410415649,198.908416748047,653.178292162341,1.00343871116638,4213125
38,730,0.0029197750948896,5.0,5.88048410415649,198.908416748047,653.178292162341,1.00343871116638,4213125
38,3652,0.0029197750948896,5.0,5.88048410415649,198.908416748047,653.178292162341,1.00343871116638,4213125
38,1,0.0,6.0,5.28587961196899,211.407455444336,757.109391105869,1.00269019603729,5062500
38,2,0.0039622299882982,6.0,5.28587961196899,211.407455444336,757.109391105869,1.00269019603729,5062500
38,7,0.0172407983129397,6.0,5.28587961196899,211.407455444336,757.109391105869,1.00269019603729,5062500
38,30,0.0041158674944011,6.0,5.28587961196899,211.407455444336,757.109391105869,1.00269019603729,5062500
38,90,0.1157690166150479,6.0,5.28587961196899,211.407455444336,757.109391105869,1.00269019603729,5062500
38,182,0.2513486875081058,6.0,5.28587961196899,211.407455444336,757.109391105869,1.00269019603729,5062500
38,365,0.0041158674944011,6.0,5.28587961196899,211.407455444336,757.109391105869,1.00269019603729,5062500
38,730,0.0041158674944011,6.0,5.28587961196899,211.407455444336,757.109391105869,1.00269019603729,5062500
38,3652,0.0041158674944011,6.0,5.28587961196899,211.407455444336,757.109391105869,1.00269019603729,5062500
38,1,0.0,7.0,3.64718055725098,187.446929931641,495.686269345937,1.00109839439392,3678750
38,2,0.0020037375140996,7.0,3.64718055725098,187.446929931641,495.686269345937,1.00109839439392,3678750
38,7,0.0076484253818778,7.0,3.64718055725098,187.446929931641,495.686269345937,1.00109839439392,3678750
38,30,0.0023906171799806,7.0,3.64718055725098,187.446929931641,495.686269345937,1.00109839439392,3678750
38,90,0.043472953459382,7.0,3.64718055725098,187.446929931641,495.686269345937,1.00109839439392,3678750
38,182,0.0762470399852402,7.0,3.64718055725098,187.446929931641,495.686269345937,1.00109839439392,3678750
38,365,0.0023906171799806,7.0,3.64718055725098,187.446929931641,495.686269345937,1.00109839439392,3678750
38,730,0.0023906171799806,7.0,3.64718055725098,187.446929931641,495.686269345937,1.00109839439392,3678750
38,3652,0.0023906171799806,7.0,3.64718055725098,187.446929931641,495.686269345937,1.00109839439392,3678750
38,1,0.0,8.0,3.62568807601929,198.074172973633,579.591080433936,1.00116240978241,4573125
38,2,0.0060534256641725,8.0,3.62568807601929,198.074172973633,579.591080433936,1.00116240978241,4573125
38,7,0.0280618828590263,8.0,3.62568807601929,198.074172973633,579.591080433936,1.00116240978241,4573125
38,30,0.0056645364398641,8.0,3.62568807601929,198.074172973633,579.591080433936,1.00116240978241,4573125
38,90,0.212110610176092,8.0,3.62568807601929,198.074172973633,579.591080433936,1.00116240978241,4573125
38,182,0.497427410431519,8.0,3.62568807601929,198.074172973633,579.591080433936,1.00116240978241,4573125
38,365,0.0056645364398641,8.0,3.62568807601929,198.074172973633,579.591080433936,1.00116240978241,4573125
38,730,0.0056645364398641,8.0,3.62568807601929,198.074172973633,579.591080433936,1.00116240978241,4573125
38,3652,0.0056645364398641,8.0,3.62568807601929,198.074172973633,579.591080433936,1.00116240978241,4573125
39,1,0.0,2.0,10.3780755996704,192.598648071289,728.891452588566,1.00760447978973,2081250
39,2,0.0060689724806875,2.0,10.3780755996704,192.598648071289,728.891452588566,1.00760447978973,2081250
39,7,0.0294799814692098,2.0,10.3780755996704,192.598648071289,728.891452588566,1.00760447978973,2081250
39,30,0.0782750438302397,2.0,10.3780755996704,192.598648071289,728.891452588566,1.00760447978973,2081250
39,90,0.2627346586657113,2.0,10.3780755996704,192.598648071289,728.891452588566,1.00760447978973,2081250
39,182,0.0020502687752442,2.0,10.3780755996704,192.598648071289,728.891452588566,1.00760447978973,2081250
39,365,0.6809773972335589,2.0,10.3780755996704,192.598648071289,728.891452588566,1.00760447978973,2081250
39,730,0.0020502687752442,2.0,10.3780755996704,192.598648071289,728.891452588566,1.00760447978973,2081250
39,3652,1.0645647306087875,2.0,10.3780755996704,192.598648071289,728.891452588566,1.00760447978973,2081250
39,1,0.0,3.0,8.04499816894531,194.032333374023,663.524476561521,1.00515699386597,3566250
39,2,0.0030109019404276,3.0,8.04499816894531,194.032333374023,663.524476561521,1.00515699386597,3566250
39,7,0.0142638483699564,3.0,8.04499816894531,194.032333374023,663.524476561521,1.00515699386597,3566250
39,30,0.0386553909417834,3.0,8.04499816894531,194.032333374023,663.524476561521,1.00515699386597,3566250
39,90,0.1234922044240667,3.0,8.04499816894531,194.032333374023,663.524476561521,1.00515699386597,3566250
39,182,0.0022115400202595,3.0,8.04499816894531,194.032333374023,663.524476561521,1.00515699386597,3566250
39,365,0.3062111071553264,3.0,8.04499816894531,194.032333374023,663.524476561521,1.00515699386597,3566250
39,730,0.0022115400202595,3.0,8.04499816894531,194.032333374023,663.524476561521,1.00515699386597,3566250
39,3652,0.4927067722691531,3.0,8.04499816894531,194.032333374023,663.524476561521,1.00515699386597,3566250
39,1,0.0,5.0,7.3711576461792,150.872406005859,470.062314218615,1.00490963459015,8943750
39,2,0.0039619713336447,5.0,7.3711576461792,150.872406005859,470.062314218615,1.00490963459015,8943750
39,7,0.0175307908731938,5.0,7.3711576461792,150.872406005859,470.062314218615,1.00490963459015,8943750
39,30,0.0489691198819128,5.0,7.3711576461792,150.872406005859,470.062314218615,1.00490963459015,8943750
39,90,0.1224012568391638,5.0,7.3711576461792,150.872406005859,470.062314218615,1.00490963459015,8943750
39,182,0.0026740309056195,5.0,7.3711576461792,150.872406005859,470.062314218615,1.00490963459015,8943750
39,365,0.2287345847888473,5.0,7.3711576461792,150.872406005859,470.062314218615,1.00490963459015,8943750
39,730,0.0026740309056195,5.0,7.3711576461792,150.872406005859,470.062314218615,1.00490963459015,8943750
39,3652,0.2693293248052867,5.0,7.3711576461792,150.872406005859,470.062314218615,1.00490963459015,8943750
39,1,0.0,4.0,8.75830936431885,162.546722412109,690.708946833643,1.00605046749115,2925000
39,2,0.0051726260258397,4.0,8.75830936431885,162.546722412109,690.708946833643,1.00605046749115,2925000
39,7,0.022883333370144,4.0,8.75830936431885,162.546722412109,690.708946833643,1.00605046749115,2925000
39,30,0.0518588443308156,4.0,8.75830936431885,162.546722412109,690.708946833643,1.00605046749115,2925000
39,90,0.1293810150574369,4.0,8.75830936431885,162.546722412109,690.708946833643,1.00605046749115,2925000
39,182,0.0029559590424926,4.0,8.75830936431885,162.546722412109,690.708946833643,1.00605046749115,2925000
39,365,0.2837152939986176,4.0,8.75830936431885,162.546722412109,690.708946833643,1.00605046749115,2925000
39,730,0.0029559590424926,4.0,8.75830936431885,162.546722412109,690.708946833643,1.00605046749115,2925000
39,3652,0.3493891637918348,4.0,8.75830936431885,162.546722412109,690.708946833643,1.00605046749115,2925000
39,1,0.0,8.0,6.16233682632446,121.253715515137,589.868106889299,1.00331878662109,9225000
39,2,0.002562376066268,8.0,6.16233682632446,121.253715515137,589.868106889299,1.00331878662109,9225000
39,7,0.0105696932684804,8.0,6.16233682632446,121.253715515137,589.868106889299,1.00331878662109,9225000
39,30,0.0278671324771454,8.0,6.16233682632446,121.253715515137,589.868106889299,1.00331878662109,9225000
39,90,0.0699042375726936,8.0,6.16233682632446,121.253715515137,589.868106889299,1.00331878662109,9225000
39,182,0.0025472575157468,8.0,6.16233682632446,121.253715515137,589.868106889299,1.00331878662109,9225000
39,365,0.1377643888636448,8.0,6.16233682632446,121.253715515137,589.868106889299,1.00331878662109,9225000
39,730,0.0025472575157468,8.0,6.16233682632446,121.253715515137,589.868106889299,1.00331878662109,9225000
39,3652,0.163505155913793,8.0,6.16233682632446,121.253715515137,589.868106889299,1.00331878662109,9225000
39,1,0.0,9.0,5.60582256317139,217.943283081055,640.819976826807,1.0019736289978,5394375
39,2,0.0050130456115152,9.0,5.60582256317139,217.943283081055,640.819976826807,1.0019736289978,5394375
39,7,0.0240249037142589,9.0,5.60582256317139,217.943283081055,640.819976826807,1.0019736289978,5394375
39,30,0.0596922334792388,9.0,5.60582256317139,217.943283081055,640.819976826807,1.0019736289978,5394375
39,90,0.1841705984304439,9.0,5.60582256317139,217.943283081055,640.819976826807,1.0019736289978,5394375
39,182,0.0036824139923373,9.0,5.60582256317139,217.943283081055,640.819976826807,1.0019736289978,5394375
39,365,0.5549172843832204,9.0,5.60582256317139,217.943283081055,640.819976826807,1.0019736289978,5394375
39,730,0.0036824139923373,9.0,5.60582256317139,217.943283081055,640.819976826807,1.0019736289978,5394375
39,3652,1.024999425545973,9.0,5.60582256317139,217.943283081055,640.819976826807,1.0019736289978,5394375
39,1,0.0,7.0,4.72072553634644,195.869247436523,672.92085929964,1.00144529342651,1299375
39,2,0.0027264817329799,7.0,4.72072553634644,195.869247436523,672.92085929964,1.00144529342651,1299375
39,7,0.0116952266373218,7.0,4.72072553634644,195.869247436523,672.92085929964,1.00144529342651,1299375
39,30,0.0288261342524241,7.0,4.72072553634644,195.869247436523,672.92085929964,1.00144529342651,1299375
39,90,0.0768233564627772,7.0,4.72072553634644,195.869247436523,672.92085929964,1.00144529342651,1299375
39,182,7.55271525315221e-05,7.0,4.72072553634644,195.869247436523,672.92085929964,1.00144529342651,1299375
39,365,0.1936686341835029,7.0,4.72072553634644,195.869247436523,672.92085929964,1.00144529342651,1299375
39,730,7.55271525315221e-05,7.0,4.72072553634644,195.869247436523,672.92085929964,1.00144529342651,1299375
39,3652,0.2748143102003789,7.0,4.72072553634644,195.869247436523,672.92085929964,1.00144529342651,1299375
