Site_number,Approx,Chronicle,H Error,Rate,Execution Time,Number of Lines,Satured Zone Area,Vulnerability Sum,Vulnerability Rate,Global Area of site (in cells),Saturation Rate
1,0,0,0,1,60877,15341,10090,10033.2884125926,0.285637089694033,35126,0.287251608495132
1,0,0,0.00044292963274,2,54546,7671,10090,10033.2884125926,0.285637089694033,35126,0.287251608495132
1,0,0,0.002205925605331,7,37803,2193,10090,10033.2884125926,0.285637089694033,35126,0.287251608495132
1,0,0,0.006236628412056,30,30739,513,10090,10033.2884125926,0.285637089694033,35126,0.287251608495132
1,0,0,0.01747706227045,90,23598,172,10090,10033.2884125926,0.285637089694033,35126,0.287251608495132
1,0,0,0.034506986257009,182,13074,86,10090,10033.2884125926,0.285637089694033,35126,0.287251608495132
1,0,0,0.042512036125361,365,8486,44,10090,10033.2884125926,0.285637089694033,35126,0.287251608495132
1,0,0,0.053171704857162,730,5280,23,10090,10033.2884125926,0.285637089694033,35126,0.287251608495132
1,0,0,0.06529584141752,3652,1275,6,10090,10033.2884125926,0.285637089694033,35126,0.287251608495132
1,0,1,0,1,50268,15341,10212,10122.6764456804,0.288181872279235,35126,0.290724819222229
1,0,1,0.004003661845406,7,35958,2193,10212,10122.6764456804,0.288181872279235,35126,0.290724819222229
1,0,1,0.01212852396924,30,30776,513,10212,10122.6764456804,0.288181872279235,35126,0.290724819222229
1,0,1,0.036057965954222,90,25412,172,10212,10122.6764456804,0.288181872279235,35126,0.290724819222229
1,1,0,0,0,60877,15341,10090,10033.2884125926,0.285637089694033,35126,0.287251608495132
1,1,1,0,0,50268,15341,10212,10122.6764456804,0.288181872279235,35126,0.290724819222229
2,0,0,0,1,47307,15341,4825,4671.98054366178,0.168785424265237,27680,0.174313583815029
2,0,1,0,1,38538,15341,5015,4845.69186464819,0.175061122277752,27680,0.18117774566474
2,0,1,0.006999697012745,7,29411,2193,5015,4845.69186464819,0.175061122277752,27680,0.18117774566474
2,1,0,0,0,47307,15341,4825,4671.98054366178,0.168785424265237,27680,0.174313583815029
2,1,1,0,0,38538,15341,5015,4845.69186464819,0.175061122277752,27680,0.18117774566474
2,1,1,0.161802763966418,2,2624,8,5015,4845.69186464819,0.175061122277752,27680,0.18117774566474
3,0,0,0,1,66463,15341,7973,7770.85120436302,0.223300321964455,34800,0.229109195402299
3,0,1,0,1,56193,15341,8291,7989.46950477511,0.229582457033768,34800,0.238247126436782
3,1,0,0,0,66463,15341,7973,7770.85120436302,0.223300321964455,34800,0.229109195402299
3,1,1,0,0,56193,15341,8291,7989.46950477511,0.229582457033768,34800,0.238247126436782
4,0,0,0,1,15271,15341,1138,1117.49995818487,0.2129382542273,5248,0.216844512195122
4,0,0,0.000582496996199,2,11353,7671,1138,1117.49995818487,0.2129382542273,5248,0.216844512195122
4,0,0,0.002885874639346,7,4632,2193,1138,1117.49995818487,0.2129382542273,5248,0.216844512195122
4,0,0,0.008823036884892,30,2243,513,1138,1117.49995818487,0.2129382542273,5248,0.216844512195122
4,0,0,0.025539783970341,90,1484,172,1138,1117.49995818487,0.2129382542273,5248,0.216844512195122
4,0,0,0.044537655372906,182,523,86,1138,1117.49995818487,0.2129382542273,5248,0.216844512195122
4,0,0,0.054933861615534,365,238,44,1138,1117.49995818487,0.2129382542273,5248,0.216844512195122
4,0,0,0.063703774297804,730,140,23,1138,1117.49995818487,0.2129382542273,5248,0.216844512195122
4,0,0,0.076947930930123,3652,66,6,1138,1117.49995818487,0.2129382542273,5248,0.216844512195122
4,0,1,0,1,13540,15341,1160,1145.1720671363,0.218211140841521,5248,0.221036585365854
4,0,1,0.001038645999258,2,9188,7671,1160,1145.1720671363,0.218211140841521,5248,0.221036585365854
4,0,1,0.005261207521783,7,4591,2193,1160,1145.1720671363,0.218211140841521,5248,0.221036585365854
4,0,1,0.016895732731302,30,2656,513,1160,1145.1720671363,0.218211140841521,5248,0.221036585365854
4,0,1,0.053081709067484,90,1677,172,1160,1145.1720671363,0.218211140841521,5248,0.221036585365854
4,0,1,0.102503130048746,182,550,86,1160,1145.1720671363,0.218211140841521,5248,0.221036585365854
4,0,1,0.109602082804423,365,330,44,1160,1145.1720671363,0.218211140841521,5248,0.221036585365854
4,0,1,0.116922728593998,730,237,23,1160,1145.1720671363,0.218211140841521,5248,0.221036585365854
4,0,1,0.127354452325424,3652,149,6,1160,1145.1720671363,0.218211140841521,5248,0.221036585365854
4,1,0,0,0,15271,15341,1138,1117.49995818487,0.2129382542273,5248,0.216844512195122
4,1,0,0.064575050619108,0.5,214,26,1138,1117.49995818487,0.2129382542273,5248,0.216844512195122
4,1,0,0.063970542602468,0.8,108,17,1138,1117.49995818487,0.2129382542273,5248,0.216844512195122
4,1,1,0,0,13540,15341,1160,1145.1720671363,0.218211140841521,5248,0.221036585365854
4,1,1,0.104513871396529,0.5,301,26,1160,1145.1720671363,0.218211140841521,5248,0.221036585365854
4,1,1,0.108071975856823,0.8,319,17,1160,1145.1720671363,0.218211140841521,5248,0.221036585365854
4,1,1,0.11187306026621,1,267,14,1160,1145.1720671363,0.218211140841521,5248,0.221036585365854
4,1,1,0.124928626058109,2,170,8,1160,1145.1720671363,0.218211140841521,5248,0.221036585365854
5,0,0,0,1,59771,15341,1817,1613.31423326029,0.062567936135749,25785,0.070467325964708
5,0,0,0.006768481476096,7,13930,2193,1817,1613.31423326029,0.062567936135749,25785,0.070467325964708
5,0,0,0.018761726350677,30,7639,513,1817,1613.31423326029,0.062567936135749,25785,0.070467325964708
5,0,0,0.046522985918117,90,5081,172,1817,1613.31423326029,0.062567936135749,25785,0.070467325964708
5,0,0,0.088122978952479,182,2909,86,1817,1613.31423326029,0.062567936135749,25785,0.070467325964708
5,0,0,0.104279824793157,365,1338,44,1817,1613.31423326029,0.062567936135749,25785,0.070467325964708
5,0,0,0.123082135993904,730,1206,23,1817,1613.31423326029,0.062567936135749,25785,0.070467325964708
5,0,0,0.149126210368606,3652,381,6,1817,1613.31423326029,0.062567936135749,25785,0.070467325964708
5,0,1,0,1,40020,15341,2030,1809.81479738624,0.070188667728766,25785,0.078727942602288
5,0,1,0.009772507989575,7,15203,2193,2030,1809.81479738624,0.070188667728766,25785,0.078727942602288
5,0,1,0.027611993866806,30,7782,513,2030,1809.81479738624,0.070188667728766,25785,0.078727942602288
5,0,1,0.075581812036472,90,5251,172,2030,1809.81479738624,0.070188667728766,25785,0.078727942602288
5,0,1,0.154858522228001,182,2491,86,2030,1809.81479738624,0.070188667728766,25785,0.078727942602288
5,0,1,0.168929560167083,365,1402,44,2030,1809.81479738624,0.070188667728766,25785,0.078727942602288
5,0,1,0.185064988986044,730,828,23,2030,1809.81479738624,0.070188667728766,25785,0.078727942602288
5,0,1,0.197944471895342,3652,314,6,2030,1809.81479738624,0.070188667728766,25785,0.078727942602288
5,1,0,0,0,59771,15341,1817,1613.31423326029,0.062567936135749,25785,0.070467325964708
5,1,0,0.003668804307517,0.0002,20189,6597,1817,1613.31423326029,0.062567936135749,25785,0.070467325964708
5,1,0,0.051202081504126,0.05,4528,239,1817,1613.31423326029,0.062567936135749,25785,0.070467325964708
5,1,0,0.067137968649615,0.1,3468,122,1817,1613.31423326029,0.062567936135749,25785,0.070467325964708
5,1,0,0.085218289407044,0.2,2154,62,1817,1613.31423326029,0.062567936135749,25785,0.070467325964708
5,1,0,0.095466672755819,0.25,1230,50,1817,1613.31423326029,0.062567936135749,25785,0.070467325964708
5,1,0,0.105045627724232,0.4,1508,32,1817,1613.31423326029,0.062567936135749,25785,0.070467325964708
5,1,0,0.118623205363992,0.5,1259,26,1817,1613.31423326029,0.062567936135749,25785,0.070467325964708
5,1,0,0.124517730699888,0.8,1174,17,1817,1613.31423326029,0.062567936135749,25785,0.070467325964708
5,1,0,0.13372765110409,1,1026,14,1817,1613.31423326029,0.062567936135749,25785,0.070467325964708
5,1,0,0.137611989155213,2,745,8,1817,1613.31423326029,0.062567936135749,25785,0.070467325964708
5,1,1,0,0,40020,15341,2030,1809.81479738624,0.070188667728766,25785,0.078727942602288
5,1,1,0.069542667557421,0.05,5156,239,2030,1809.81479738624,0.070188667728766,25785,0.078727942602288
5,1,1,0.083920964037499,0.1,4449,122,2030,1809.81479738624,0.070188667728766,25785,0.078727942602288
5,1,1,0.100836265840104,0.2,3392,62,2030,1809.81479738624,0.070188667728766,25785,0.078727942602288
5,1,1,0.113382372452011,0.25,2846,50,2030,1809.81479738624,0.070188667728766,25785,0.078727942602288
5,1,1,0.153306042357647,0.4,2105,32,2030,1809.81479738624,0.070188667728766,25785,0.078727942602288
5,1,1,0.162561623395023,0.5,1072,26,2030,1809.81479738624,0.070188667728766,25785,0.078727942602288
5,1,1,0.164943928621072,0.8,1080,17,2030,1809.81479738624,0.070188667728766,25785,0.078727942602288
5,1,1,0.171074496550508,1,786,14,2030,1809.81479738624,0.070188667728766,25785,0.078727942602288
5,1,1,0.191161292886027,2,484,8,2030,1809.81479738624,0.070188667728766,25785,0.078727942602288
6,0,0,0,1,48240,15341,670,521.939398588959,0.024208691956816,21560,0.031076066790353
6,0,0,0.00306381676484,2,28223,7671,670,521.939398588959,0.024208691956816,21560,0.031076066790353
6,0,0,0.014216343889513,7,13481,2193,670,521.939398588959,0.024208691956816,21560,0.031076066790353
6,0,0,0.042559475970536,30,6155,513,670,521.939398588959,0.024208691956816,21560,0.031076066790353
6,0,0,0.10683068407398,90,4292,172,670,521.939398588959,0.024208691956816,21560,0.031076066790353
6,0,0,0.192654389194869,182,2255,86,670,521.939398588959,0.024208691956816,21560,0.031076066790353
6,0,0,0.231376919745557,365,1240,44,670,521.939398588959,0.024208691956816,21560,0.031076066790353
6,0,0,0.267396761176696,730,569,23,670,521.939398588959,0.024208691956816,21560,0.031076066790353
6,0,0,0.297834143512229,3652,149,6,670,521.939398588959,0.024208691956816,21560,0.031076066790353
6,0,1,0,1,43608,15341,859,680.060557124828,0.031542697454769,21560,0.039842300556586
6,0,1,0.004528006736161,2,25105,7671,859,680.060557124828,0.031542697454769,21560,0.039842300556586
6,0,1,0.021518544904307,7,12316,2193,859,680.060557124828,0.031542697454769,21560,0.039842300556586
6,0,1,0.066493149429512,30,6502,513,859,680.060557124828,0.031542697454769,21560,0.039842300556586
6,0,1,0.17716843707251,90,4607,172,859,680.060557124828,0.031542697454769,21560,0.039842300556586
6,0,1,0.356377348020444,182,2142,86,859,680.060557124828,0.031542697454769,21560,0.039842300556586
6,0,1,0.394013282223536,365,1142,44,859,680.060557124828,0.031542697454769,21560,0.039842300556586
6,0,1,0.415872910796626,730,543,23,859,680.060557124828,0.031542697454769,21560,0.039842300556586
6,0,1,0.458326694440281,3652,115,6,859,680.060557124828,0.031542697454769,21560,0.039842300556586
6,1,0,0,0,48240,15341,670,521.939398588959,0.024208691956816,21560,0.031076066790353
6,1,0,0.006633270938112,0.0002,20565,6597,670,521.939398588959,0.024208691956816,21560,0.031076066790353
6,1,0,0.091679416907381,0.05,3353,239,670,521.939398588959,0.024208691956816,21560,0.031076066790353
6,1,0,0.122817866671265,0.1,2519,122,670,521.939398588959,0.024208691956816,21560,0.031076066790353
6,1,0,0.182672243365906,0.2,1549,62,670,521.939398588959,0.024208691956816,21560,0.031076066790353
6,1,0,0.211910259696466,0.25,1281,50,670,521.939398588959,0.024208691956816,21560,0.031076066790353
6,1,0,0.232005785632378,0.4,914,32,670,521.939398588959,0.024208691956816,21560,0.031076066790353
6,1,0,0.270921686490502,0.5,735,26,670,521.939398588959,0.024208691956816,21560,0.031076066790353
6,1,0,0.267990153117209,0.8,391,17,670,521.939398588959,0.024208691956816,21560,0.031076066790353
6,1,0,0.299213256404779,1,421,14,670,521.939398588959,0.024208691956816,21560,0.031076066790353
6,1,0,0.283168300220948,2,278,8,670,521.939398588959,0.024208691956816,21560,0.031076066790353
6,1,1,0,0,43608,15341,859,680.060557124828,0.031542697454769,21560,0.039842300556586
6,1,1,0.010758215162707,0.0002,17461,6597,859,680.060557124828,0.031542697454769,21560,0.039842300556586
6,1,1,0.128861249742717,0.05,4842,239,859,680.060557124828,0.031542697454769,21560,0.039842300556586
6,1,1,0.168521155325576,0.1,3626,122,859,680.060557124828,0.031542697454769,21560,0.039842300556586
6,1,1,0.225645306941702,0.2,2821,62,859,680.060557124828,0.031542697454769,21560,0.039842300556586
6,1,1,0.276294190583668,0.25,1864,50,859,680.060557124828,0.031542697454769,21560,0.039842300556586
6,1,1,0.343973930223344,0.4,1430,32,859,680.060557124828,0.031542697454769,21560,0.039842300556586
6,1,1,0.397456485203865,0.5,946,26,859,680.060557124828,0.031542697454769,21560,0.039842300556586
6,1,1,0.394441227567635,0.8,700,17,859,680.060557124828,0.031542697454769,21560,0.039842300556586
6,1,1,0.408986088313656,1,603,14,859,680.060557124828,0.031542697454769,21560,0.039842300556586
6,1,1,0.447661947133902,2,241,8,859,680.060557124828,0.031542697454769,21560,0.039842300556586
7,0,0,0,1,21972,15341,2064,2024.96211597323,0.144002426111025,14062,0.146778552126298
7,0,0,0.000789673246769,2,12975,7671,2064,2024.96211597323,0.144002426111025,14062,0.146778552126298
7,0,0,0.004060607859222,7,5650,2193,2064,2024.96211597323,0.144002426111025,14062,0.146778552126298
7,0,0,0.011274340593467,30,3524,513,2064,2024.96211597323,0.144002426111025,14062,0.146778552126298
7,0,0,0.029907004367977,90,2357,172,2064,2024.96211597323,0.144002426111025,14062,0.146778552126298
7,0,0,0.066772001812395,182,1149,86,2064,2024.96211597323,0.144002426111025,14062,0.146778552126298
7,0,0,0.080720207675696,365,614,44,2064,2024.96211597323,0.144002426111025,14062,0.146778552126298
7,0,0,0.098252604828568,730,312,23,2064,2024.96211597323,0.144002426111025,14062,0.146778552126298
7,0,0,0.10765731064739,3652,78,6,2064,2024.96211597323,0.144002426111025,14062,0.146778552126298
7,0,1,0,1,17170,15341,2096,2057.64894891953,0.146326905768705,14062,0.149054188593372
7,0,1,0.001289497740866,2,10874,7671,2096,2057.64894891953,0.146326905768705,14062,0.149054188593372
7,0,1,0.006846390465739,7,5369,2193,2096,2057.64894891953,0.146326905768705,14062,0.149054188593372
7,0,1,0.019675940696162,30,3895,513,2096,2057.64894891953,0.146326905768705,14062,0.149054188593372
7,0,1,0.057204262834148,90,2591,172,2096,2057.64894891953,0.146326905768705,14062,0.149054188593372
7,0,1,0.126709904052674,182,1034,86,2096,2057.64894891953,0.146326905768705,14062,0.149054188593372
7,0,1,0.138246011823363,365,559,44,2096,2057.64894891953,0.146326905768705,14062,0.149054188593372
7,0,1,0.152374931009924,730,244,23,2096,2057.64894891953,0.146326905768705,14062,0.149054188593372
7,0,1,0.161329022223095,3652,65,6,2096,2057.64894891953,0.146326905768705,14062,0.149054188593372
7,1,0,0,0,21972,15341,2064,2024.96211597323,0.144002426111025,14062,0.146778552126298
7,1,0,0.001997083289128,0.0002,8749,6597,2064,2024.96211597323,0.144002426111025,14062,0.146778552126298
7,1,0,0.034406436837714,0.05,1432,239,2064,2024.96211597323,0.144002426111025,14062,0.146778552126298
7,1,0,0.050154122673819,0.1,1095,122,2064,2024.96211597323,0.144002426111025,14062,0.146778552126298
7,1,0,0.069899643411718,0.2,875,62,2064,2024.96211597323,0.144002426111025,14062,0.146778552126298
7,1,0,0.077094214358971,0.25,621,50,2064,2024.96211597323,0.144002426111025,14062,0.146778552126298
7,1,0,0.088128539159378,0.4,432,32,2064,2024.96211597323,0.144002426111025,14062,0.146778552126298
7,1,0,0.09629125135915,0.5,318,26,2064,2024.96211597323,0.144002426111025,14062,0.146778552126298
7,1,0,0.101929945370956,0.8,234,17,2064,2024.96211597323,0.144002426111025,14062,0.146778552126298
7,1,0,0.103619901896126,1,216,14,2064,2024.96211597323,0.144002426111025,14062,0.146778552126298
7,1,0,0.104669038665718,2,126,8,2064,2024.96211597323,0.144002426111025,14062,0.146778552126298
7,1,1,0,0,17170,15341,2096,2057.64894891953,0.146326905768705,14062,0.149054188593372
7,1,1,0.00364498160673,0.0002,9598,6597,2096,2057.64894891953,0.146326905768705,14062,0.149054188593372
7,1,1,0.05224998057038,0.05,2225,239,2096,2057.64894891953,0.146326905768705,14062,0.149054188593372
7,1,1,0.067619106307721,0.1,1580,122,2096,2057.64894891953,0.146326905768705,14062,0.149054188593372
7,1,1,0.0953387898596,0.2,1518,62,2096,2057.64894891953,0.146326905768705,14062,0.149054188593372
7,1,1,0.106232082075345,0.25,1256,50,2096,2057.64894891953,0.146326905768705,14062,0.149054188593372
7,1,1,0.123136663672883,0.4,758,32,2096,2057.64894891953,0.146326905768705,14062,0.149054188593372
7,1,1,0.135696871887511,0.5,455,26,2096,2057.64894891953,0.146326905768705,14062,0.149054188593372
7,1,1,0.143007262042604,0.8,358,17,2096,2057.64894891953,0.146326905768705,14062,0.149054188593372
7,1,1,0.145464979457022,1,260,14,2096,2057.64894891953,0.146326905768705,14062,0.149054188593372
7,1,1,0.159679583825235,2,114,8,2096,2057.64894891953,0.146326905768705,14062,0.149054188593372
8,0,0,0,1,41455,15341,4342,4276.61226267944,0.178937751576546,23900,0.181673640167364
8,0,0,0.000600677964944,2,26921,7671,4342,4276.61226267944,0.178937751576546,23900,0.181673640167364
8,0,0,0.00274110308144,7,11467,2193,4342,4276.61226267944,0.178937751576546,23900,0.181673640167364
8,0,0,0.007622355139556,30,6018,513,4342,4276.61226267944,0.178937751576546,23900,0.181673640167364
8,0,0,0.020774846241437,90,4097,172,4342,4276.61226267944,0.178937751576546,23900,0.181673640167364
8,0,0,0.039135013063458,182,3224,86,4342,4276.61226267944,0.178937751576546,23900,0.181673640167364
8,0,0,0.046966019749002,365,2132,44,4342,4276.61226267944,0.178937751576546,23900,0.181673640167364
8,0,0,0.058837996967206,730,1258,23,4342,4276.61226267944,0.178937751576546,23900,0.181673640167364
8,0,0,0.073701897130186,3652,252,6,4342,4276.61226267944,0.178937751576546,23900,0.181673640167364
8,0,1,0,1,34984,15341,4439,4371.38878380353,0.182903296393453,23900,0.185732217573222
8,0,1,0.000974266127506,2,22074,7671,4439,4371.38878380353,0.182903296393453,23900,0.185732217573222
8,0,1,0.004705089492969,7,10856,2193,4439,4371.38878380353,0.182903296393453,23900,0.185732217573222
8,0,1,0.014356800507958,30,6085,513,4439,4371.38878380353,0.182903296393453,23900,0.185732217573222
8,0,1,0.044356687647535,90,3896,172,4439,4371.38878380353,0.182903296393453,23900,0.185732217573222
8,0,1,0.084975247636478,182,2976,86,4439,4371.38878380353,0.182903296393453,23900,0.185732217573222
8,0,1,0.091002438597662,365,2488,44,4439,4371.38878380353,0.182903296393453,23900,0.185732217573222
8,0,1,0.105764890389011,730,1426,23,4439,4371.38878380353,0.182903296393453,23900,0.185732217573222
8,0,1,0.111390777400995,3652,621,6,4439,4371.38878380353,0.182903296393453,23900,0.185732217573222
8,1,0,0,0,41455,15341,4342,4276.61226267944,0.178937751576546,23900,0.181673640167364
8,1,0,0.001655533585263,0.0002,17224,6597,4342,4276.61226267944,0.178937751576546,23900,0.181673640167364
8,1,0,0.022448607594804,0.05,3236,239,4342,4276.61226267944,0.178937751576546,23900,0.181673640167364
8,1,0,0.02803863371052,0.1,2275,122,4342,4276.61226267944,0.178937751576546,23900,0.181673640167364
8,1,0,0.037424288757915,0.2,2614,62,4342,4276.61226267944,0.178937751576546,23900,0.181673640167364
8,1,0,0.042721227984255,0.25,2262,50,4342,4276.61226267944,0.178937751576546,23900,0.181673640167364
8,1,0,0.048438381278374,0.4,1465,32,4342,4276.61226267944,0.178937751576546,23900,0.181673640167364
8,1,0,0.057006287712409,0.5,1788,26,4342,4276.61226267944,0.178937751576546,23900,0.181673640167364
8,1,0,0.059864531605466,0.8,1062,17,4342,4276.61226267944,0.178937751576546,23900,0.181673640167364
8,1,0,0.066054145674874,1,739,14,4342,4276.61226267944,0.178937751576546,23900,0.181673640167364
8,1,0,0.065123816746722,2,605,8,4342,4276.61226267944,0.178937751576546,23900,0.181673640167364
8,1,1,0,0,34984,15341,4439,4371.38878380353,0.182903296393453,23900,0.185732217573222
8,1,1,0.002614960294624,0.0002,16194,6597,4439,4371.38878380353,0.182903296393453,23900,0.185732217573222
8,1,1,0.030838690746353,0.05,4235,239,4439,4371.38878380353,0.182903296393453,23900,0.185732217573222
8,1,1,0.037084396448627,0.1,3536,122,4439,4371.38878380353,0.182903296393453,23900,0.185732217573222
8,1,1,0.047308958190033,0.2,2965,62,4439,4371.38878380353,0.182903296393453,23900,0.185732217573222
8,1,1,0.056752590770095,0.25,3008,50,4439,4371.38878380353,0.182903296393453,23900,0.185732217573222
8,1,1,0.071852779951445,0.4,2533,32,4439,4371.38878380353,0.182903296393453,23900,0.185732217573222
8,1,1,0.084012302872139,0.5,2230,26,4439,4371.38878380353,0.182903296393453,23900,0.185732217573222
8,1,1,0.094229003719355,0.8,1893,17,4439,4371.38878380353,0.182903296393453,23900,0.185732217573222
8,1,1,0.091986081221276,1,1510,14,4439,4371.38878380353,0.182903296393453,23900,0.185732217573222
8,1,1,0.11209567422984,2,933,8,4439,4371.38878380353,0.182903296393453,23900,0.185732217573222
10,0,0,0,1,109709,15341,1341,1030.92356300521,0.02171508294903,47475,0.02824644549763
10,0,0,0.003099300458946,2,67222,7671,1341,1030.92356300521,0.02171508294903,47475,0.02824644549763
10,0,0,0.014919033812801,7,32665,2193,1341,1030.92356300521,0.02171508294903,47475,0.02824644549763
10,0,0,0.043551774507553,30,18164,513,1341,1030.92356300521,0.02171508294903,47475,0.02824644549763
10,0,0,0.107676362979116,90,9440,172,1341,1030.92356300521,0.02171508294903,47475,0.02824644549763
10,0,0,0.193842400524066,182,6634,86,1341,1030.92356300521,0.02171508294903,47475,0.02824644549763
10,0,0,0.233916068934059,365,4426,44,1341,1030.92356300521,0.02171508294903,47475,0.02824644549763
10,0,0,0.283562012966394,730,2721,23,1341,1030.92356300521,0.02171508294903,47475,0.02824644549763
10,0,0,0.327672624834692,3652,675,6,1341,1030.92356300521,0.02171508294903,47475,0.02824644549763
10,0,1,0,1,89099,15341,1790,1390.7293372892,0.029293930221995,47475,0.037704054765666
10,0,1,0.004614729842173,2,57997,7671,1790,1390.7293372892,0.029293930221995,47475,0.037704054765666
10,0,1,0.022298206120498,7,31332,2193,1790,1390.7293372892,0.029293930221995,47475,0.037704054765666
10,0,1,0.067175096478273,30,21155,513,1790,1390.7293372892,0.029293930221995,47475,0.037704054765666
10,0,1,0.177169056472528,90,11756,172,1790,1390.7293372892,0.029293930221995,47475,0.037704054765666
10,0,1,0.332494858939581,182,6774,86,1790,1390.7293372892,0.029293930221995,47475,0.037704054765666
10,0,1,0.356160204187498,365,3102,44,1790,1390.7293372892,0.029293930221995,47475,0.037704054765666
10,0,1,0.392331642499098,730,3162,23,1790,1390.7293372892,0.029293930221995,47475,0.037704054765666
10,0,1,0.425106314301199,3652,1949,6,1790,1390.7293372892,0.029293930221995,47475,0.037704054765666
10,1,0,0,0,109709,15341,1341,1030.92356300521,0.02171508294903,47475,0.02824644549763
10,1,0,0.006783703534538,0.0002,44347,6597,1341,1030.92356300521,0.02171508294903,47475,0.02824644549763
10,1,0,0.095028487463417,0.05,13314,239,1341,1030.92356300521,0.02171508294903,47475,0.02824644549763
10,1,0,0.129676325022094,0.1,7264,122,1341,1030.92356300521,0.02171508294903,47475,0.02824644549763
10,1,0,0.188010498974742,0.2,5921,62,1341,1030.92356300521,0.02171508294903,47475,0.02824644549763
10,1,0,0.21087899385564,0.25,4259,50,1341,1030.92356300521,0.02171508294903,47475,0.02824644549763
10,1,0,0.242411597496914,0.4,3905,32,1341,1030.92356300521,0.02171508294903,47475,0.02824644549763
10,1,0,0.275157169048258,0.5,3479,26,1341,1030.92356300521,0.02171508294903,47475,0.02824644549763
10,1,0,0.285748983278087,0.8,2249,17,1341,1030.92356300521,0.02171508294903,47475,0.02824644549763
10,1,0,0.308385288069362,1,1743,14,1341,1030.92356300521,0.02171508294903,47475,0.02824644549763
10,1,0,0.308469881121416,2,1350,8,1341,1030.92356300521,0.02171508294903,47475,0.02824644549763
10,1,1,0,0,89099,15341,1790,1390.7293372892,0.029293930221995,47475,0.037704054765666
10,1,1,0.010458619319551,0.0002,37791,6597,1790,1390.7293372892,0.029293930221995,47475,0.037704054765666
10,1,1,0.131843738485754,0.05,15060,239,1790,1390.7293372892,0.029293930221995,47475,0.037704054765666
10,1,1,0.167224460422468,0.1,14720,122,1790,1390.7293372892,0.029293930221995,47475,0.037704054765666
10,1,1,0.22408233866339,0.2,10663,62,1790,1390.7293372892,0.029293930221995,47475,0.037704054765666
10,1,1,0.259531698371021,0.25,9421,50,1790,1390.7293372892,0.029293930221995,47475,0.037704054765666
10,1,1,0.320576440314948,0.4,6603,32,1790,1390.7293372892,0.029293930221995,47475,0.037704054765666
10,1,1,0.352156746060712,0.5,5124,26,1790,1390.7293372892,0.029293930221995,47475,0.037704054765666
10,1,1,0.365126030662601,0.8,2363,17,1790,1390.7293372892,0.029293930221995,47475,0.037704054765666
10,1,1,0.374413908070417,1,3201,14,1790,1390.7293372892,0.029293930221995,47475,0.037704054765666
10,1,1,0.415225214182603,2,2300,8,1790,1390.7293372892,0.029293930221995,47475,0.037704054765666
11,0,0,0,1,14523,15341,395,278.66560033569,0.027536126515384,10120,0.03903162055336
11,0,0,0.001876605482502,2,9824,7671,395,278.66560033569,0.027536126515384,10120,0.03903162055336
11,0,0,0.007506573417816,7,5561,2193,395,278.66560033569,0.027536126515384,10120,0.03903162055336
11,0,0,0.020749306583561,30,3681,513,395,278.66560033569,0.027536126515384,10120,0.03903162055336
11,0,0,0.044044145353967,90,3059,172,395,278.66560033569,0.027536126515384,10120,0.03903162055336
11,0,0,0.076611640544865,182,1825,86,395,278.66560033569,0.027536126515384,10120,0.03903162055336
11,0,0,0.089940393039836,365,1452,44,395,278.66560033569,0.027536126515384,10120,0.03903162055336
11,0,0,0.117108837062706,730,1186,23,395,278.66560033569,0.027536126515384,10120,0.03903162055336
11,0,0,0.142325089987282,3652,753,6,395,278.66560033569,0.027536126515384,10120,0.03903162055336
11,0,1,0,1,12226,15341,469,354.267794221101,0.035006699033706,10120,0.046343873517787
11,0,1,0.002718704954428,2,8576,7671,469,354.267794221101,0.035006699033706,10120,0.046343873517787
11,0,1,0.011358435814548,7,5639,2193,469,354.267794221101,0.035006699033706,10120,0.046343873517787
11,0,1,0.032586663382108,30,3710,513,469,354.267794221101,0.035006699033706,10120,0.046343873517787
11,0,1,0.077539021937317,90,3079,172,469,354.267794221101,0.035006699033706,10120,0.046343873517787
11,0,1,0.158580250661577,182,1109,86,469,354.267794221101,0.035006699033706,10120,0.046343873517787
11,0,1,0.171998734496119,365,691,44,469,354.267794221101,0.035006699033706,10120,0.046343873517787
11,0,1,0.20765055238071,730,472,23,469,354.267794221101,0.035006699033706,10120,0.046343873517787
11,0,1,0.233078853145214,3652,174,6,469,354.267794221101,0.035006699033706,10120,0.046343873517787
11,1,0,0,0,14523,15341,395,278.66560033569,0.027536126515384,10120,0.03903162055336
11,1,0,0.003167829366548,0.0002,7590,6597,395,278.66560033569,0.027536126515384,10120,0.03903162055336
11,1,0,0.045487234803926,0.05,2545,239,395,278.66560033569,0.027536126515384,10120,0.03903162055336
11,1,0,0.05714167821745,0.1,1957,122,395,278.66560033569,0.027536126515384,10120,0.03903162055336
11,1,0,0.075622556643864,0.2,1878,62,395,278.66560033569,0.027536126515384,10120,0.03903162055336
11,1,0,0.082719476357038,0.25,1297,50,395,278.66560033569,0.027536126515384,10120,0.03903162055336
11,1,0,0.093977004467335,0.4,1432,32,395,278.66560033569,0.027536126515384,10120,0.03903162055336
11,1,0,0.106003199972372,0.5,1212,26,395,278.66560033569,0.027536126515384,10120,0.03903162055336
11,1,0,0.116645016956353,0.8,1028,17,395,278.66560033569,0.027536126515384,10120,0.03903162055336
11,1,0,0.128553031773952,1,942,14,395,278.66560033569,0.027536126515384,10120,0.03903162055336
11,1,0,0.137585082112893,2,882,8,395,278.66560033569,0.027536126515384,10120,0.03903162055336
11,1,1,0,0,12226,15341,469,354.267794221101,0.035006699033706,10120,0.046343873517787
11,1,1,0.005239610862012,0.0002,7218,6597,469,354.267794221101,0.035006699033706,10120,0.046343873517787
11,1,1,0.066825751554025,0.05,2898,239,469,354.267794221101,0.035006699033706,10120,0.046343873517787
11,1,1,0.078158703805548,0.1,2690,122,469,354.267794221101,0.035006699033706,10120,0.046343873517787
11,1,1,0.094721968114315,0.2,2332,62,469,354.267794221101,0.035006699033706,10120,0.046343873517787
11,1,1,0.107572553566638,0.25,2186,50,469,354.267794221101,0.035006699033706,10120,0.046343873517787
11,1,1,0.13567302851055,0.4,1252,32,469,354.267794221101,0.035006699033706,10120,0.046343873517787
11,1,1,0.15207736158656,0.5,864,26,469,354.267794221101,0.035006699033706,10120,0.046343873517787
11,1,1,0.174401574171316,0.8,723,17,469,354.267794221101,0.035006699033706,10120,0.046343873517787
11,1,1,0.172506024971702,1,598,14,469,354.267794221101,0.035006699033706,10120,0.046343873517787
11,1,1,0.222974276600445,2,272,8,469,354.267794221101,0.035006699033706,10120,0.046343873517787
12,0,0,0,1,109943,15341,1863,1405.26302833934,0.029294622229296,47970,0.038836772983115
12,0,0,0.002405334323821,2,67395,7671,1863,1405.26302833934,0.029294622229296,47970,0.038836772983115
12,0,0,0.02789947472399,30,35165,513,1863,1405.26302833934,0.029294622229296,47970,0.038836772983115
12,0,0,0.064599609060823,90,30500,172,1863,1405.26302833934,0.029294622229296,47970,0.038836772983115
12,0,0,0.111313482737086,182,22761,86,1863,1405.26302833934,0.029294622229296,47970,0.038836772983115
12,0,0,0.127247971097862,365,15894,44,1863,1405.26302833934,0.029294622229296,47970,0.038836772983115
12,0,0,0.151688301147897,730,8823,23,1863,1405.26302833934,0.029294622229296,47970,0.038836772983115
12,0,0,0.178769779447337,3652,5701,6,1863,1405.26302833934,0.029294622229296,47970,0.038836772983115
12,0,1,0,1,88258,15341,2266,1744.02734887224,0.03635662599275,47970,0.047237856993955
12,0,1,0.014314641960621,7,31354,2193,2266,1744.02734887224,0.03635662599275,47970,0.047237856993955
12,0,1,0.042033505796636,30,35420,513,2266,1744.02734887224,0.03635662599275,47970,0.047237856993955
12,0,1,0.19912408290358,182,19888,86,2266,1744.02734887224,0.03635662599275,47970,0.047237856993955
12,0,1,0.209740217850946,365,14397,44,2266,1744.02734887224,0.03635662599275,47970,0.047237856993955
12,0,1,0.237356782947149,730,6521,23,2266,1744.02734887224,0.03635662599275,47970,0.047237856993955
12,0,1,0.252669265634254,3652,4365,6,2266,1744.02734887224,0.03635662599275,47970,0.047237856993955
12,1,0,0,0,109943,15341,1863,1405.26302833934,0.029294622229296,47970,0.038836772983115
12,1,0,0.005155535987556,0.0002,46540,6597,1863,1405.26302833934,0.029294622229296,47970,0.038836772983115
12,1,0,0.067342928709591,0.05,12744,239,1863,1405.26302833934,0.029294622229296,47970,0.038836772983115
12,1,0,0.085251182516746,0.1,10645,122,1863,1405.26302833934,0.029294622229296,47970,0.038836772983115
12,1,0,0.105706093777991,0.2,16464,62,1863,1405.26302833934,0.029294622229296,47970,0.038836772983115
12,1,0,0.11337398265012,0.25,14705,50,1863,1405.26302833934,0.029294622229296,47970,0.038836772983115
12,1,0,0.129403884295217,0.4,12909,32,1863,1405.26302833934,0.029294622229296,47970,0.038836772983115
12,1,0,0.145653716613635,0.5,11897,26,1863,1405.26302833934,0.029294622229296,47970,0.038836772983115
12,1,0,0.151916058968371,0.8,8324,17,1863,1405.26302833934,0.029294622229296,47970,0.038836772983115
12,1,0,0.167100431803274,1,7092,14,1863,1405.26302833934,0.029294622229296,47970,0.038836772983115
12,1,0,0.165978874234537,2,6501,8,1863,1405.26302833934,0.029294622229296,47970,0.038836772983115
12,1,1,0,0,88258,15341,2266,1744.02734887224,0.03635662599275,47970,0.047237856993955
12,1,1,0.007435226640699,0.0002,42340,6597,2266,1744.02734887224,0.03635662599275,47970,0.047237856993955
12,1,1,0.079970916290637,0.05,15926,239,2266,1744.02734887224,0.03635662599275,47970,0.047237856993955
12,1,1,0.096055406360104,0.1,13737,122,2266,1744.02734887224,0.03635662599275,47970,0.047237856993955
12,1,1,0.122832993552112,0.2,17297,62,2266,1744.02734887224,0.03635662599275,47970,0.047237856993955
12,1,1,0.141271150752905,0.25,15166,50,2266,1744.02734887224,0.03635662599275,47970,0.047237856993955
12,1,1,0.176253128536705,0.4,12239,32,2266,1744.02734887224,0.03635662599275,47970,0.047237856993955
12,1,1,0.196649742074163,0.5,10029,26,2266,1744.02734887224,0.03635662599275,47970,0.047237856993955
12,1,1,0.213862750295032,0.8,8737,17,2266,1744.02734887224,0.03635662599275,47970,0.047237856993955
12,1,1,0.214630643748816,1,5426,14,2266,1744.02734887224,0.03635662599275,47970,0.047237856993955
12,1,1,0.251285890634867,2,3972,8,2266,1744.02734887224,0.03635662599275,47970,0.047237856993955
13,0,0,0,1,4459,15341,286,258.863977014835,0.052232440882735,4956,0.05770782889427
13,0,1,0,1,3174,15341,312,282.840601338235,0.057070339253074,4956,0.062953995157385
13,1,0,0,0,4459,15341,286,258.863977014835,0.052232440882735,4956,0.05770782889427
13,1,1,0,0,3174,15341,312,282.840601338235,0.057070339253074,4956,0.062953995157385
14,0,0,0,1,24902,15341,850,761.250705415298,0.0200218485946,38021,0.022356066384367
14,0,1,0,1,1551,15341,1037,933.606104459499,0.024555011821349,38021,0.027274400988927
14,1,0,0,0,24902,15341,850,761.250705415298,0.0200218485946,38021,0.022356066384367
14,1,1,0,0,1551,15341,1037,933.606104459499,0.024555011821349,38021,0.027274400988927
15,0,0,0,1,31537,15341,4278,4237.14131448064,0.278869377022551,15194,0.281558509938133
15,0,1,0,1,24398,15341,4392,4310.90982305551,0.283724484866099,15194,0.28906147163354
15,1,0,0,0,31537,15341,4278,4237.14131448064,0.278869377022551,15194,0.281558509938133
15,1,1,0,0,24398,15341,4392,4310.90982305551,0.283724484866099,15194,0.28906147163354
16,0,0,0,1,57457,15341,4942,4864.27421739946,0.179202557375459,27144,0.182066018272915
16,0,1,0,1,48660,15341,5088,4994.31262365675,0.183993244313909,27144,0.187444739168877
16,1,0,0,0,57457,15341,4942,4864.27421739946,0.179202557375459,27144,0.182066018272915
16,1,1,0,0,48660,15341,5088,4994.31262365675,0.183993244313909,27144,0.187444739168877
17,0,0,0,1,34032,15341,1265,1201.27523106865,0.070106520634296,17135,0.073825503355705
17,0,0,0.001126394928207,2,21607,7671,1265,1201.27523106865,0.070106520634296,17135,0.073825503355705
17,0,0,0.005509069536401,7,9331,2193,1265,1201.27523106865,0.070106520634296,17135,0.073825503355705
17,0,0,0.016522294198672,30,5058,513,1265,1201.27523106865,0.070106520634296,17135,0.073825503355705
17,0,0,0.043081744761996,90,3759,172,1265,1201.27523106865,0.070106520634296,17135,0.073825503355705
17,0,0,0.081611056845795,182,2026,86,1265,1201.27523106865,0.070106520634296,17135,0.073825503355705
17,0,0,0.099698268278321,365,1149,44,1265,1201.27523106865,0.070106520634296,17135,0.073825503355705
17,0,0,0.127081047350354,730,647,23,1265,1201.27523106865,0.070106520634296,17135,0.073825503355705
17,0,0,0.167192493941456,3652,241,6,1265,1201.27523106865,0.070106520634296,17135,0.073825503355705
17,0,1,0,1,27364,15341,1369,1264.86592614569,0.073817678794613,17135,0.079894951852933
17,0,1,0.002043091797731,2,18290,7671,1369,1264.86592614569,0.073817678794613,17135,0.079894951852933
17,0,1,0.010057399452858,7,9599,2193,1369,1264.86592614569,0.073817678794613,17135,0.079894951852933
17,0,1,0.032142818022875,30,5624,513,1369,1264.86592614569,0.073817678794613,17135,0.079894951852933
17,0,1,0.093319408557772,90,4148,172,1369,1264.86592614569,0.073817678794613,17135,0.079894951852933
17,0,1,0.178748272910734,182,2119,86,1369,1264.86592614569,0.073817678794613,17135,0.079894951852933
17,0,1,0.192931904989072,365,1072,44,1369,1264.86592614569,0.073817678794613,17135,0.079894951852933
17,0,1,0.216365041960498,730,505,23,1369,1264.86592614569,0.073817678794613,17135,0.079894951852933
17,0,1,0.234166054963499,3652,181,6,1369,1264.86592614569,0.073817678794613,17135,0.079894951852933
17,1,0,0,0,34032,15341,1265,1201.27523106865,0.070106520634296,17135,0.073825503355705
17,1,0,0.0025281466272,0.0002,14895,6597,1265,1201.27523106865,0.070106520634296,17135,0.073825503355705
17,1,0,0.04128739831342,0.05,2982,239,1265,1201.27523106865,0.070106520634296,17135,0.073825503355705
17,1,0,0.053794461292,0.1,2328,122,1265,1201.27523106865,0.070106520634296,17135,0.073825503355705
17,1,0,0.076045190975202,0.2,1644,62,1265,1201.27523106865,0.070106520634296,17135,0.073825503355705
17,1,0,0.087977698169111,0.25,1172,50,1265,1201.27523106865,0.070106520634296,17135,0.073825503355705
17,1,0,0.101754096801947,0.4,848,32,1265,1201.27523106865,0.070106520634296,17135,0.073825503355705
17,1,0,0.119021132957517,0.5,752,26,1265,1201.27523106865,0.070106520634296,17135,0.073825503355705
17,1,0,0.127684371490548,0.8,453,17,1265,1201.27523106865,0.070106520634296,17135,0.073825503355705
17,1,0,0.143790357388466,1,452,14,1265,1201.27523106865,0.070106520634296,17135,0.073825503355705
17,1,0,0.148291447988834,2,301,8,1265,1201.27523106865,0.070106520634296,17135,0.073825503355705
17,1,1,0,0,27364,15341,1369,1264.86592614569,0.073817678794613,17135,0.079894951852933
17,1,1,0.004956126464137,0.0002,13149,6597,1369,1264.86592614569,0.073817678794613,17135,0.079894951852933
17,1,1,0.064451055825265,0.05,3840,239,1369,1264.86592614569,0.073817678794613,17135,0.079894951852933
17,1,1,0.079899933069238,0.1,3316,122,1369,1264.86592614569,0.073817678794613,17135,0.079894951852933
17,1,1,0.104880009217726,0.2,2317,62,1369,1264.86592614569,0.073817678794613,17135,0.079894951852933
17,1,1,0.125117291820176,0.25,2033,50,1369,1264.86592614569,0.073817678794613,17135,0.079894951852933
17,1,1,0.166703488424953,0.4,1331,32,1369,1264.86592614569,0.073817678794613,17135,0.079894951852933
17,1,1,0.186347646227851,0.5,882,26,1369,1264.86592614569,0.073817678794613,17135,0.079894951852933
17,1,1,0.192853776073868,0.8,749,17,1369,1264.86592614569,0.073817678794613,17135,0.079894951852933
17,1,1,0.199096228364859,1,513,14,1369,1264.86592614569,0.073817678794613,17135,0.079894951852933
17,1,1,0.225585948557238,2,279,8,1369,1264.86592614569,0.073817678794613,17135,0.079894951852933
18,0,0,0,1,3864,15341,183,134.251156745292,0.035686112904118,3762,0.048644338118022
18,0,0,0.002900446620906,2,2342,7671,183,134.251156745292,0.035686112904118,3762,0.048644338118022
18,0,0,0.012909626584952,7,1114,2193,183,134.251156745292,0.035686112904118,3762,0.048644338118022
18,0,0,0.036094051265127,30,599,513,183,134.251156745292,0.035686112904118,3762,0.048644338118022
18,0,0,0.088116620379639,90,424,172,183,134.251156745292,0.035686112904118,3762,0.048644338118022
18,0,0,0.166661468330068,182,214,86,183,134.251156745292,0.035686112904118,3762,0.048644338118022
18,0,0,0.198494987092932,365,113,44,183,134.251156745292,0.035686112904118,3762,0.048644338118022
18,0,0,0.247766625780548,730,53,23,183,134.251156745292,0.035686112904118,3762,0.048644338118022
18,0,0,0.19403504579674,3652,14,6,183,134.251156745292,0.035686112904118,3762,0.048644338118022
18,0,1,0,1,3499,15341,224,185.327496532845,0.049263024065084,3762,0.059542796384902
18,0,1,0.003541519455827,2,2003,7671,224,185.327496532845,0.049263024065084,3762,0.059542796384902
18,0,1,0.016308563581956,7,1039,2193,224,185.327496532845,0.049263024065084,3762,0.059542796384902
18,0,1,0.044466914566185,30,586,513,224,185.327496532845,0.049263024065084,3762,0.059542796384902
18,0,1,0.116885419985992,90,402,172,224,185.327496532845,0.049263024065084,3762,0.059542796384902
18,0,1,0.288941494190205,182,183,86,224,185.327496532845,0.049263024065084,3762,0.059542796384902
18,0,1,0.324197196613445,365,93,44,224,185.327496532845,0.049263024065084,3762,0.059542796384902
18,0,1,0.3578464000554,730,35,23,224,185.327496532845,0.049263024065084,3762,0.059542796384902
18,0,1,0.392703073183361,3652,8,6,224,185.327496532845,0.049263024065084,3762,0.059542796384902
18,1,0,0,0,3864,15341,183,134.251156745292,0.035686112904118,3762,0.048644338118022
18,1,0,0.007625342481567,0.0002,1378,6597,183,134.251156745292,0.035686112904118,3762,0.048644338118022
18,1,0,0.084099854822878,0.05,339,239,183,134.251156745292,0.035686112904118,3762,0.048644338118022
18,1,0,0.106866442436045,0.1,244,122,183,134.251156745292,0.035686112904118,3762,0.048644338118022
18,1,0,0.142561666489032,0.2,148,62,183,134.251156745292,0.035686112904118,3762,0.048644338118022
18,1,0,0.159380419006056,0.25,107,50,183,134.251156745292,0.035686112904118,3762,0.048644338118022
18,1,0,0.232443668452758,0.4,72,32,183,134.251156745292,0.035686112904118,3762,0.048644338118022
18,1,0,0.244629669025034,0.5,52,26,183,134.251156745292,0.035686112904118,3762,0.048644338118022
18,1,0,0.246113054378087,0.8,37,17,183,134.251156745292,0.035686112904118,3762,0.048644338118022
18,1,0,0.235296444326637,1,30,14,183,134.251156745292,0.035686112904118,3762,0.048644338118022
18,1,0,0.19716813094387,2,17,8,183,134.251156745292,0.035686112904118,3762,0.048644338118022
18,1,1,0,0,3499,15341,224,185.327496532845,0.049263024065084,3762,0.059542796384902
18,1,1,0.008982611279207,0.0002,1554,6597,224,185.327496532845,0.049263024065084,3762,0.059542796384902
18,1,1,0.097391835537588,0.05,394,239,224,185.327496532845,0.049263024065084,3762,0.059542796384902
18,1,1,0.136692962188908,0.1,323,122,224,185.327496532845,0.049263024065084,3762,0.059542796384902
18,1,1,0.237403171169285,0.2,225,62,224,185.327496532845,0.049263024065084,3762,0.059542796384902
18,1,1,0.284887699790964,0.25,190,50,224,185.327496532845,0.049263024065084,3762,0.059542796384902
18,1,1,0.318151041894149,0.4,98,32,224,185.327496532845,0.049263024065084,3762,0.059542796384902
18,1,1,0.344937901678324,0.5,75,26,224,185.327496532845,0.049263024065084,3762,0.059542796384902
18,1,1,0.365167762575864,0.8,50,17,224,185.327496532845,0.049263024065084,3762,0.059542796384902
18,1,1,0.379251268183361,1,35,14,224,185.327496532845,0.049263024065084,3762,0.059542796384902
18,1,1,0.390687149243873,2,17,8,224,185.327496532845,0.049263024065084,3762,0.059542796384902
19,0,0,0,1,15563,15341,786,627.243813022942,0.0412823359894,15194,0.051730946426221
19,0,0,0.002584259328052,2,10288,7671,786,627.243813022942,0.0412823359894,15194,0.051730946426221
19,0,0,0.012324911931521,7,5371,2193,786,627.243813022942,0.0412823359894,15194,0.051730946426221
19,0,0,0.040549919030718,30,2982,513,786,627.243813022942,0.0412823359894,15194,0.051730946426221
19,0,0,0.099751539928423,90,2372,172,786,627.243813022942,0.0412823359894,15194,0.051730946426221
19,0,0,0.151668642346059,182,1416,86,786,627.243813022942,0.0412823359894,15194,0.051730946426221
19,0,0,0.178653855021091,365,755,44,786,627.243813022942,0.0412823359894,15194,0.051730946426221
19,0,0,0.205029311276915,730,371,23,786,627.243813022942,0.0412823359894,15194,0.051730946426221
19,0,0,0.228459997275543,3652,51,6,786,627.243813022942,0.0412823359894,15194,0.051730946426221
19,0,1,0,1,14348,15341,992,761.983247714541,0.050150272983713,15194,0.065288929840727
19,0,1,0.004528709976168,2,10224,7671,992,761.983247714541,0.050150272983713,15194,0.065288929840727
19,0,1,0.021933811763226,7,6395,2193,992,761.983247714541,0.050150272983713,15194,0.065288929840727
19,0,1,0.074038926609848,30,3274,513,992,761.983247714541,0.050150272983713,15194,0.065288929840727
19,0,1,0.192116848874746,90,2616,172,992,761.983247714541,0.050150272983713,15194,0.065288929840727
19,0,1,0.297853866186257,182,1446,86,992,761.983247714541,0.050150272983713,15194,0.065288929840727
19,0,1,0.302253672997417,365,698,44,992,761.983247714541,0.050150272983713,15194,0.065288929840727
19,0,1,0.311015175489326,730,350,23,992,761.983247714541,0.050150272983713,15194,0.065288929840727
19,0,1,0.309258493049272,3652,52,6,992,761.983247714541,0.050150272983713,15194,0.065288929840727
19,1,0,0,0,15563,15341,786,627.243813022942,0.0412823359894,15194,0.051730946426221
19,1,0,0.004206067904424,0.0002,7023,6597,786,627.243813022942,0.0412823359894,15194,0.051730946426221
19,1,0,0.064576076011569,0.05,2120,239,786,627.243813022942,0.0412823359894,15194,0.051730946426221
19,1,0,0.089537640627156,0.1,1559,122,786,627.243813022942,0.0412823359894,15194,0.051730946426221
19,1,0,0.129218647215829,0.2,924,62,786,627.243813022942,0.0412823359894,15194,0.051730946426221
19,1,0,0.13728210456467,0.25,742,50,786,627.243813022942,0.0412823359894,15194,0.051730946426221
19,1,0,0.17424150111184,0.4,538,32,786,627.243813022942,0.0412823359894,15194,0.051730946426221
19,1,0,0.193571904847767,0.5,421,26,786,627.243813022942,0.0412823359894,15194,0.051730946426221
19,1,0,0.20394575242851,0.8,289,17,786,627.243813022942,0.0412823359894,15194,0.051730946426221
19,1,0,0.219615991116131,1,258,14,786,627.243813022942,0.0412823359894,15194,0.051730946426221
19,1,0,0.21781999940411,2,142,8,786,627.243813022942,0.0412823359894,15194,0.051730946426221
19,1,1,0,0,14348,15341,992,761.983247714541,0.050150272983713,15194,0.065288929840727
19,1,1,0.006217849447528,0.0002,7790,6597,992,761.983247714541,0.050150272983713,15194,0.065288929840727
19,1,1,0.081593920306087,0.05,3261,239,992,761.983247714541,0.050150272983713,15194,0.065288929840727
19,1,1,0.105217741010072,0.1,2457,122,992,761.983247714541,0.050150272983713,15194,0.065288929840727
19,1,1,0.152726286456856,0.2,1711,62,992,761.983247714541,0.050150272983713,15194,0.065288929840727
19,1,1,0.203688273912839,0.25,1290,50,992,761.983247714541,0.050150272983713,15194,0.065288929840727
19,1,1,0.26198130123817,0.4,885,32,992,761.983247714541,0.050150272983713,15194,0.065288929840727
19,1,1,0.283159793439957,0.5,577,26,992,761.983247714541,0.050150272983713,15194,0.065288929840727
19,1,1,0.293028505121217,0.8,521,17,992,761.983247714541,0.050150272983713,15194,0.065288929840727
19,1,1,0.298135361979368,1,282,14,992,761.983247714541,0.050150272983713,15194,0.065288929840727
19,1,1,0.310984252100613,2,129,8,992,761.983247714541,0.050150272983713,15194,0.065288929840727
20,0,0,0,1,120165,15341,19764,19598.4654790714,0.405287041774126,48357,0.408710217755444
20,0,1,0,1,86395,15341,20011,19801.9147267505,0.409494276459468,48357,0.41381806150092
20,1,0,0,0,120165,15341,19764,19598.4654790714,0.405287041774126,48357,0.408710217755444
20,1,1,0,0,86395,15341,20011,19801.9147267505,0.409494276459468,48357,0.41381806150092
21,0,0,0,1,36730,15341,191,138.510433840244,0.008679686291531,15958,0.011968918410829
21,0,1,0,1,28464,15341,268,205.98245214271,0.012907786197688,15958,0.016794084471738
21,1,0,0,0,36730,15341,191,138.510433840244,0.008679686291531,15958,0.011968918410829
21,1,1,0,0,28464,15341,268,205.98245214271,0.012907786197688,15958,0.016794084471738
22,0,0,0,1,41178,15341,345,284.062817380691,0.012085722318784,23504,0.014678352620831
22,0,1,0,1,33017,15341,474,372.364985690948,0.015842621923543,23504,0.020166780122532
22,1,0,0,0,41178,15341,345,284.062817380691,0.012085722318784,23504,0.014678352620831
22,1,1,0,0,33017,15341,474,372.364985690948,0.015842621923543,23504,0.020166780122532
23,0,0,0,1,33838,15341,521,516.773092929118,0.043499418596727,11880,0.043855218855219
23,0,0,0.002328344638394,2,25000,7671,521,516.773092929118,0.043499418596727,11880,0.043855218855219
23,0,0,0.013844068833975,7,9972,2193,521,516.773092929118,0.043499418596727,11880,0.043855218855219
23,0,0,0.037233636833639,30,4569,513,521,516.773092929118,0.043499418596727,11880,0.043855218855219
23,0,0,0.107956206280467,90,2779,172,521,516.773092929118,0.043499418596727,11880,0.043855218855219
23,0,0,0.218743913987979,182,1314,86,521,516.773092929118,0.043499418596727,11880,0.043855218855219
23,0,0,0.263143687094336,365,674,44,521,516.773092929118,0.043499418596727,11880,0.043855218855219
23,0,0,0.299368475118776,730,257,23,521,516.773092929118,0.043499418596727,11880,0.043855218855219
23,0,0,0.297262841781756,3652,77,6,521,516.773092929118,0.043499418596727,11880,0.043855218855219
23,0,1,0,1,26494,15341,556,543.659033813863,0.045762544933827,11880,0.046801346801347
23,0,1,0.003435781446418,2,20708,7671,556,543.659033813863,0.045762544933827,11880,0.046801346801347
23,0,1,0.020248023068076,7,7760,2193,556,543.659033813863,0.045762544933827,11880,0.046801346801347
23,0,1,0.06208804426451,30,4086,513,556,543.659033813863,0.045762544933827,11880,0.046801346801347
23,0,1,0.192643475349516,90,3050,172,556,543.659033813863,0.045762544933827,11880,0.046801346801347
23,0,1,0.389708490428092,182,1140,86,556,543.659033813863,0.045762544933827,11880,0.046801346801347
23,0,1,0.417065424051746,365,582,44,556,543.659033813863,0.045762544933827,11880,0.046801346801347
23,0,1,0.450887352358853,730,339,23,556,543.659033813863,0.045762544933827,11880,0.046801346801347
23,0,1,0.439558615937353,3652,159,6,556,543.659033813863,0.045762544933827,11880,0.046801346801347
23,1,0,0,0,33838,15341,521,516.773092929118,0.043499418596727,11880,0.043855218855219
23,1,0,0.006277503386172,0.0002,18499,6597,521,516.773092929118,0.043499418596727,11880,0.043855218855219
23,1,0,0.136132274603498,0.05,1590,239,521,516.773092929118,0.043499418596727,11880,0.043855218855219
23,1,0,0.171377460315332,0.1,1465,122,521,516.773092929118,0.043499418596727,11880,0.043855218855219
23,1,0,0.22302594005403,0.2,935,62,521,516.773092929118,0.043499418596727,11880,0.043855218855219
23,1,0,0.24660109478038,0.25,657,50,521,516.773092929118,0.043499418596727,11880,0.043855218855219
23,1,0,0.273657408117685,0.4,427,32,521,516.773092929118,0.043499418596727,11880,0.043855218855219
23,1,0,0.294887231718428,0.5,326,26,521,516.773092929118,0.043499418596727,11880,0.043855218855219
23,1,0,0.304981401167721,0.8,229,17,521,516.773092929118,0.043499418596727,11880,0.043855218855219
23,1,0,0.311231531203986,1,163,14,521,516.773092929118,0.043499418596727,11880,0.043855218855219
23,1,0,0.304938853353537,2,108,8,521,516.773092929118,0.043499418596727,11880,0.043855218855219
23,1,1,0,0,26494,15341,556,543.659033813863,0.045762544933827,11880,0.046801346801347
23,1,1,0.011156811796545,0.0002,11070,6597,556,543.659033813863,0.045762544933827,11880,0.046801346801347
23,1,1,0.157389471817972,0.05,2010,239,556,543.659033813863,0.045762544933827,11880,0.046801346801347
23,1,1,0.199387667221803,0.1,2242,122,556,543.659033813863,0.045762544933827,11880,0.046801346801347
23,1,1,0.279514424330468,0.2,1576,62,556,543.659033813863,0.045762544933827,11880,0.046801346801347
23,1,1,0.315703547848396,0.25,1375,50,556,543.659033813863,0.045762544933827,11880,0.046801346801347
23,1,1,0.381391494638147,0.4,923,32,556,543.659033813863,0.045762544933827,11880,0.046801346801347
23,1,1,0.412986989475015,0.5,539,26,556,543.659033813863,0.045762544933827,11880,0.046801346801347
23,1,1,0.437346173119831,0.8,458,17,556,543.659033813863,0.045762544933827,11880,0.046801346801347
23,1,1,0.424786830943142,1,340,14,556,543.659033813863,0.045762544933827,11880,0.046801346801347
23,1,1,0.457863488532011,2,220,8,556,543.659033813863,0.045762544933827,11880,0.046801346801347
24,0,0,0,1,25163,15341,1356,1350.7908900546,0.196678929827403,6868,0.197437390797903
24,0,1,0,1,18632,15341,1364,1362.36084156768,0.198363547112358,6868,0.198602213162493
24,1,0,0,0,25163,15341,1356,1350.7908900546,0.196678929827403,6868,0.197437390797903
24,1,1,0,0,18632,15341,1364,1362.36084156768,0.198363547112358,6868,0.198602213162493
25,0,0,0,1,120781,15341,6423,6330.34286055972,0.139348922703172,45428,0.14138857092542
25,0,1,0,1,102692,15341,6586,6461.07587469616,0.142226729653433,45428,0.144976666373162
25,1,0,0,0,120781,15341,6423,6330.34286055972,0.139348922703172,45428,0.14138857092542
25,1,1,0,0,102692,15341,6586,6461.07587469616,0.142226729653433,45428,0.144976666373162
26,0,0,0,1,72980,15341,9581,9523.23602572111,0.281361303091001,33847,0.283067923301917
26,0,1,0,1,58936,15341,9695,9609.52239005727,0.283910609213734,33847,0.286436020917659
26,1,0,0,0,72980,15341,9581,9523.23602572111,0.281361303091001,33847,0.283067923301917
26,1,1,0,0,58936,15341,9695,9609.52239005727,0.283910609213734,33847,0.286436020917659
27,0,0,0,1,98522,15341,3557,3333.47245322919,0.066112779461518,50421,0.070546002657623
27,0,1,0,1,83502,15341,3986,3632.8118406727,0.072049579355283,50421,0.079054362269689
27,1,0,0,0,98522,15341,3557,3333.47245322919,0.066112779461518,50421,0.070546002657623
27,1,1,0,0,83502,15341,3986,3632.8118406727,0.072049579355283,50421,0.079054362269689
28,0,0,0,1,13346,15341,509,472.151122956271,0.048796106134381,9676,0.052604381976023
28,0,0,0.001312939760474,2,8149,7671,509,472.151122956271,0.048796106134381,9676,0.052604381976023
28,0,0,0.005696315461486,7,3840,2193,509,472.151122956271,0.048796106134381,9676,0.052604381976023
28,0,0,0.015360570576443,30,1736,513,509,472.151122956271,0.048796106134381,9676,0.052604381976023
28,0,0,0.035000957694011,90,1225,172,509,472.151122956271,0.048796106134381,9676,0.052604381976023
28,0,0,0.069058477931577,182,565,86,509,472.151122956271,0.048796106134381,9676,0.052604381976023
28,0,0,0.080914248797484,365,357,44,509,472.151122956271,0.048796106134381,9676,0.052604381976023
28,0,0,0.117897718839573,730,97,23,509,472.151122956271,0.048796106134381,9676,0.052604381976023
28,0,0,0.143446960938334,3652,26,6,509,472.151122956271,0.048796106134381,9676,0.052604381976023
28,0,1,0,1,10467,15341,559,509.744386414785,0.052681313188796,9676,0.057771806531625
28,0,1,0.002044291549156,2,6679,7671,559,509.744386414785,0.052681313188796,9676,0.057771806531625
28,0,1,0.009668322973319,7,3648,2193,559,509.744386414785,0.052681313188796,9676,0.057771806531625
28,0,1,0.027850915154654,30,2009,513,559,509.744386414785,0.052681313188796,9676,0.057771806531625
28,0,1,0.083304582497922,90,1325,172,559,509.744386414785,0.052681313188796,9676,0.057771806531625
28,0,1,0.15602855879478,182,628,86,559,509.744386414785,0.052681313188796,9676,0.057771806531625
28,0,1,0.168871138723946,365,342,44,559,509.744386414785,0.052681313188796,9676,0.057771806531625
28,0,1,0.212289428901844,730,105,23,559,509.744386414785,0.052681313188796,9676,0.057771806531625
28,0,1,0.241663934319009,3652,29,6,559,509.744386414785,0.052681313188796,9676,0.057771806531625
28,1,0,0,0,13346,15341,509,472.151122956271,0.048796106134381,9676,0.052604381976023
28,1,0,0.002559064267758,0.0002,5003,6597,509,472.151122956271,0.048796106134381,9676,0.052604381976023
28,1,0,0.040402726856048,0.05,1071,239,509,472.151122956271,0.048796106134381,9676,0.052604381976023
28,1,0,0.051449056285065,0.1,828,122,509,472.151122956271,0.048796106134381,9676,0.052604381976023
28,1,0,0.066653649575171,0.2,461,62,509,472.151122956271,0.048796106134381,9676,0.052604381976023
28,1,0,0.071811947024359,0.25,341,50,509,472.151122956271,0.048796106134381,9676,0.052604381976023
28,1,0,0.088196018873501,0.4,152,32,509,472.151122956271,0.048796106134381,9676,0.052604381976023
28,1,0,0.099778923695499,0.5,193,26,509,472.151122956271,0.048796106134381,9676,0.052604381976023
28,1,0,0.115208534330337,0.8,107,17,509,472.151122956271,0.048796106134381,9676,0.052604381976023
28,1,0,0.128530723414004,1,89,14,509,472.151122956271,0.048796106134381,9676,0.052604381976023
28,1,0,0.129446681879064,2,50,8,509,472.151122956271,0.048796106134381,9676,0.052604381976023
28,1,1,0,0,10467,15341,559,509.744386414785,0.052681313188796,9676,0.057771806531625
28,1,1,0.00450550973209,0.0002,4476,6597,559,509.744386414785,0.052681313188796,9676,0.057771806531625
28,1,1,0.057576512262012,0.05,1483,239,559,509.744386414785,0.052681313188796,9676,0.057771806531625
28,1,1,0.064465517534676,0.1,1407,122,559,509.744386414785,0.052681313188796,9676,0.057771806531625
28,1,1,0.082501496644003,0.2,853,62,559,509.744386414785,0.052681313188796,9676,0.057771806531625
28,1,1,0.094502914126765,0.25,705,50,559,509.744386414785,0.052681313188796,9676,0.057771806531625
28,1,1,0.124772816530393,0.4,300,32,559,509.744386414785,0.052681313188796,9676,0.057771806531625
28,1,1,0.152308472944308,0.5,317,26,559,509.744386414785,0.052681313188796,9676,0.057771806531625
28,1,1,0.17474330002349,0.8,267,17,559,509.744386414785,0.052681313188796,9676,0.057771806531625
28,1,1,0.177995147693701,1,148,14,559,509.744386414785,0.052681313188796,9676,0.057771806531625
28,1,1,0.235284748909096,2,65,8,559,509.744386414785,0.052681313188796,9676,0.057771806531625
29,0,0,0,1,16581,15341,1470,1207.59387897276,0.062055183914325,19460,0.075539568345324
29,0,0,0.002507323757229,2,11840,7671,1470,1207.59387897276,0.062055183914325,19460,0.075539568345324
29,0,0,0.012567625634408,7,8300,2193,1470,1207.59387897276,0.062055183914325,19460,0.075539568345324
29,0,0,0.039275453570106,30,5808,513,1470,1207.59387897276,0.062055183914325,19460,0.075539568345324
29,0,0,0.097026029249176,90,3633,172,1470,1207.59387897276,0.062055183914325,19460,0.075539568345324
29,0,0,0.155847507035767,182,2621,86,1470,1207.59387897276,0.062055183914325,19460,0.075539568345324
29,0,0,0.181513442300138,365,1288,44,1470,1207.59387897276,0.062055183914325,19460,0.075539568345324
29,0,0,0.200131055220609,730,557,23,1470,1207.59387897276,0.062055183914325,19460,0.075539568345324
29,0,0,0.220140884391491,3652,125,6,1470,1207.59387897276,0.062055183914325,19460,0.075539568345324
29,0,1,0,1,16367,15341,1956,1436.0552300277,0.073795232786624,19460,0.100513874614594
29,0,1,0.004188208928604,2,12198,7671,1956,1436.0552300277,0.073795232786624,19460,0.100513874614594
29,0,1,0.020299253522225,7,8608,2193,1956,1436.0552300277,0.073795232786624,19460,0.100513874614594
29,0,1,0.063813156285931,30,6399,513,1956,1436.0552300277,0.073795232786624,19460,0.100513874614594
29,0,1,0.159602506788007,90,4670,172,1956,1436.0552300277,0.073795232786624,19460,0.100513874614594
29,0,1,0.26574880818147,182,2307,86,1956,1436.0552300277,0.073795232786624,19460,0.100513874614594
29,0,1,0.271796496246661,365,1116,44,1956,1436.0552300277,0.073795232786624,19460,0.100513874614594
29,0,1,0.279032631515391,730,482,23,1956,1436.0552300277,0.073795232786624,19460,0.100513874614594
29,0,1,0.278482192669803,3652,107,6,1956,1436.0552300277,0.073795232786624,19460,0.100513874614594
29,1,0,0,0,16581,15341,1470,1207.59387897276,0.062055183914325,19460,0.075539568345324
29,1,0,0.004386606770423,0.0002,7944,6597,1470,1207.59387897276,0.062055183914325,19460,0.075539568345324
29,1,0,0.073428648491479,0.05,3276,239,1470,1207.59387897276,0.062055183914325,19460,0.075539568345324
29,1,0,0.103082340913761,0.1,2592,122,1470,1207.59387897276,0.062055183914325,19460,0.075539568345324
29,1,0,0.145612994847967,0.2,1498,62,1470,1207.59387897276,0.062055183914325,19460,0.075539568345324
29,1,0,0.157149199813467,0.25,1156,50,1470,1207.59387897276,0.062055183914325,19460,0.075539568345324
29,1,0,0.179843029027548,0.4,858,32,1470,1207.59387897276,0.062055183914325,19460,0.075539568345324
29,1,0,0.197925807124264,0.5,703,26,1470,1207.59387897276,0.062055183914325,19460,0.075539568345324
29,1,0,0.20104559261323,0.8,418,17,1470,1207.59387897276,0.062055183914325,19460,0.075539568345324
29,1,0,0.2143417651445,1,347,14,1470,1207.59387897276,0.062055183914325,19460,0.075539568345324
29,1,0,0.210457693681534,2,188,8,1470,1207.59387897276,0.062055183914325,19460,0.075539568345324
29,1,1,0,0,16367,15341,1956,1436.0552300277,0.073795232786624,19460,0.100513874614594
29,1,1,0.006283508219807,0.0002,8592,6597,1956,1436.0552300277,0.073795232786624,19460,0.100513874614594
29,1,1,0.091339024629522,0.05,4182,239,1956,1436.0552300277,0.073795232786624,19460,0.100513874614594
29,1,1,0.122325200417632,0.1,3387,122,1956,1436.0552300277,0.073795232786624,19460,0.100513874614594
29,1,1,0.17669438521777,0.2,2298,62,1956,1436.0552300277,0.073795232786624,19460,0.100513874614594
29,1,1,0.214199724139832,0.25,1991,50,1956,1436.0552300277,0.073795232786624,19460,0.100513874614594
29,1,1,0.25750050363228,0.4,1345,32,1956,1436.0552300277,0.073795232786624,19460,0.100513874614594
29,1,1,0.266148509345294,0.5,910,26,1956,1436.0552300277,0.073795232786624,19460,0.100513874614594
29,1,1,0.271390021789597,0.8,634,17,1956,1436.0552300277,0.073795232786624,19460,0.100513874614594
29,1,1,0.273480546260555,1,519,14,1956,1436.0552300277,0.073795232786624,19460,0.100513874614594
29,1,1,0.281837026397103,2,258,8,1956,1436.0552300277,0.073795232786624,19460,0.100513874614594
30,0,0,0,1,110009,15341,18495,18189.6112944351,0.372615767257355,48816,0.378871681415929
30,0,0,0.002097117182956,7,35027,2193,18495,18189.6112944351,0.372615767257355,48816,0.378871681415929
30,0,0,0.006222092005382,30,18865,513,18495,18189.6112944351,0.372615767257355,48816,0.378871681415929
30,0,0,0.01554974803959,90,10410,172,18495,18189.6112944351,0.372615767257355,48816,0.378871681415929
30,0,0,0.027606766579634,182,6708,86,18495,18189.6112944351,0.372615767257355,48816,0.378871681415929
30,0,0,0.033090355618934,365,3130,44,18495,18189.6112944351,0.372615767257355,48816,0.378871681415929
30,0,0,0.039484673707755,730,1978,23,18495,18189.6112944351,0.372615767257355,48816,0.378871681415929
30,0,0,0.046423105014841,3652,642,6,18495,18189.6112944351,0.372615767257355,48816,0.378871681415929
30,0,1,0,1,90511,15341,18764,18389.4370225209,0.376709214653412,48816,0.3843821697804
30,0,1,0.003602919577897,7,33297,2193,18764,18389.4370225209,0.376709214653412,48816,0.3843821697804
30,0,1,0.011150866006109,30,17261,513,18764,18389.4370225209,0.376709214653412,48816,0.3843821697804
30,0,1,0.030528091546669,90,13190,172,18764,18389.4370225209,0.376709214653412,48816,0.3843821697804
30,0,1,0.059704065081446,182,5415,86,18764,18389.4370225209,0.376709214653412,48816,0.3843821697804
30,0,1,0.064174809519655,365,3729,44,18764,18389.4370225209,0.376709214653412,48816,0.3843821697804
30,0,1,0.070329017063095,730,1783,23,18764,18389.4370225209,0.376709214653412,48816,0.3843821697804
30,0,1,0.075280119791474,3652,533,6,18764,18389.4370225209,0.376709214653412,48816,0.3843821697804
30,1,0,0,0,110009,15341,18495,18189.6112944351,0.372615767257355,48816,0.378871681415929
30,1,0,0.012763065899726,0.05,9719,239,18495,18189.6112944351,0.372615767257355,48816,0.378871681415929
30,1,0,0.016661844594681,0.1,6156,122,18495,18189.6112944351,0.372615767257355,48816,0.378871681415929
30,1,0,0.023970280595801,0.2,4535,62,18495,18189.6112944351,0.372615767257355,48816,0.378871681415929
30,1,0,0.027327200412309,0.25,3741,50,18495,18189.6112944351,0.372615767257355,48816,0.378871681415929
30,1,0,0.032508427969431,0.4,2704,32,18495,18189.6112944351,0.372615767257355,48816,0.378871681415929
30,1,0,0.037463764693079,0.5,2013,26,18495,18189.6112944351,0.372615767257355,48816,0.378871681415929
30,1,0,0.039340306609952,0.8,1328,17,18495,18189.6112944351,0.372615767257355,48816,0.378871681415929
30,1,0,0.043145908665412,1,1443,14,18495,18189.6112944351,0.372615767257355,48816,0.378871681415929
30,1,0,0.042926095932275,2,801,8,18495,18189.6112944351,0.372615767257355,48816,0.378871681415929
30,1,1,0,0,90511,15341,18764,18389.4370225209,0.376709214653412,48816,0.3843821697804
30,1,1,0.020962867711957,0.05,13026,239,18764,18389.4370225209,0.376709214653412,48816,0.3843821697804
30,1,1,0.026612308123447,0.1,10569,122,18764,18389.4370225209,0.376709214653412,48816,0.3843821697804
30,1,1,0.034288669035549,0.2,7469,62,18764,18389.4370225209,0.376709214653412,48816,0.3843821697804
30,1,1,0.041034537360167,0.25,5545,50,18764,18389.4370225209,0.376709214653412,48816,0.3843821697804
30,1,1,0.05698822087333,0.4,3773,32,18764,18389.4370225209,0.376709214653412,48816,0.3843821697804
30,1,1,0.062462847117216,0.5,3413,26,18764,18389.4370225209,0.376709214653412,48816,0.3843821697804
30,1,1,0.063404140256751,0.8,2548,17,18764,18389.4370225209,0.376709214653412,48816,0.3843821697804
30,1,1,0.065519499909444,1,1533,14,18764,18389.4370225209,0.376709214653412,48816,0.3843821697804
30,1,1,0.073387359854223,2,932,8,18764,18389.4370225209,0.376709214653412,48816,0.3843821697804
