Site;Rate;H Error;Slope;Elevation;LC;CW;Area
1.0;1.0;0.0;0.017383;14.031;1575.0;2.2527;57077000.0
1.0;2.0;0.0038793230649175;0.017383;14.031;1575.0;2.2527;57077000.0
1.0;7.0;0.0162088957219168;0.017383;14.031;1575.0;2.2527;57077000.0
1.0;15.0;0.0259828282694254;0.017383;14.031;1575.0;2.2527;57077000.0
1.0;21.0;0.0319767968742023;0.017383;14.031;1575.0;2.2527;57077000.0
1.0;30.0;0.0425305241829691;0.017383;14.031;1575.0;2.2527;57077000.0
1.0;45.0;0.0589360085450578;0.017383;14.031;1575.0;2.2527;57077000.0
1.0;50.0;0.0641227286941075;0.017383;14.031;1575.0;2.2527;57077000.0
1.0;60.0;0.0759114644001612;0.017383;14.031;1575.0;2.2527;57077000.0
1.0;75.0;0.0850912692667235;0.017383;14.031;1575.0;2.2527;57077000.0
1.0;90.0;0.1054010146558668;0.017383;14.031;1575.0;2.2527;57077000.0
1.0;100.0;0.1080604821071567;0.017383;14.031;1575.0;2.2527;57077000.0
1.0;125.0;0.1334471376761859;0.017383;14.031;1575.0;2.2527;57077000.0
1.0;150.0;0.1531843987217754;0.017383;14.031;1575.0;2.2527;57077000.0
1.0;182.0;0.193913249256011;0.017383;14.031;1575.0;2.2527;57077000.0
1.0;200.0;0.1821149172354826;0.017383;14.031;1575.0;2.2527;57077000.0
1.0;250.0;0.2259141665346465;0.017383;14.031;1575.0;2.2527;57077000.0
1.0;300.0;0.2414259499518798;0.017383;14.031;1575.0;2.2527;57077000.0
1.0;330.0;0.2314316881540319;0.017383;14.031;1575.0;2.2527;57077000.0
1.0;365.0;0.2364798653552871;0.017383;14.031;1575.0;2.2527;57077000.0
1.0;550.0;0.2900564304779044;0.017383;14.031;1575.0;2.2527;57077000.0
1.0;640.0;0.2850541505936022;0.017383;14.031;1575.0;2.2527;57077000.0
1.0;730.0;0.3066294603669017;0.017383;14.031;1575.0;2.2527;57077000.0
1.0;1000.0;0.3014701118256105;0.017383;14.031;1575.0;2.2527;57077000.0
1.0;1500.0;0.3406870273708929;0.017383;14.031;1575.0;2.2527;57077000.0
1.0;2000.0;0.3721021215926988;0.017383;14.031;1575.0;2.2527;57077000.0
1.0;2250.0;0.3718740962113506;0.017383;14.031;1575.0;2.2527;57077000.0
1.0;3000.0;0.4106378809215129;0.017383;14.031;1575.0;2.2527;57077000.0
1.0;3182.0;0.4190915847552413;0.017383;14.031;1575.0;2.2527;57077000.0
1.0;3652.0;0.4135006551951883;0.017383;14.031;1575.0;2.2527;57077000.0
3.0;1.0;0.0;0.00057374;10.704;1425.0;2.0877;20256000.0
3.0;2.0;0.0037050268572391;0.00057374;10.704;1425.0;2.0877;20256000.0
3.0;7.0;0.015395923499432;0.00057374;10.704;1425.0;2.0877;20256000.0
3.0;15.0;0.0247068749615544;0.00057374;10.704;1425.0;2.0877;20256000.0
3.0;21.0;0.0298742911367728;0.00057374;10.704;1425.0;2.0877;20256000.0
3.0;30.0;0.0404493979934081;0.00057374;10.704;1425.0;2.0877;20256000.0
3.0;45.0;0.0572461092776707;0.00057374;10.704;1425.0;2.0877;20256000.0
3.0;50.0;0.0631284603041809;0.00057374;10.704;1425.0;2.0877;20256000.0
3.0;60.0;0.074938125136267;0.00057374;10.704;1425.0;2.0877;20256000.0
3.0;75.0;0.0829605078650181;0.00057374;10.704;1425.0;2.0877;20256000.0
3.0;90.0;0.1027571012342629;0.00057374;10.704;1425.0;2.0877;20256000.0
3.0;100.0;0.1047504451817718;0.00057374;10.704;1425.0;2.0877;20256000.0
3.0;125.0;0.1290618985073051;0.00057374;10.704;1425.0;2.0877;20256000.0
3.0;150.0;0.143212282321829;0.00057374;10.704;1425.0;2.0877;20256000.0
3.0;182.0;0.1874998532504132;0.00057374;10.704;1425.0;2.0877;20256000.0
3.0;200.0;0.1694793974994916;0.00057374;10.704;1425.0;2.0877;20256000.0
3.0;250.0;0.2144490685793272;0.00057374;10.704;1425.0;2.0877;20256000.0
3.0;300.0;0.2277600513216024;0.00057374;10.704;1425.0;2.0877;20256000.0
3.0;330.0;0.2165729030477833;0.00057374;10.704;1425.0;2.0877;20256000.0
3.0;365.0;0.2184592788548915;0.00057374;10.704;1425.0;2.0877;20256000.0
3.0;550.0;0.2559886711365289;0.00057374;10.704;1425.0;2.0877;20256000.0
3.0;640.0;0.255595994638107;0.00057374;10.704;1425.0;2.0877;20256000.0
3.0;730.0;0.2706465721432402;0.00057374;10.704;1425.0;2.0877;20256000.0
3.0;1000.0;0.2693321170881353;0.00057374;10.704;1425.0;2.0877;20256000.0
3.0;1500.0;0.2990277063965513;0.00057374;10.704;1425.0;2.0877;20256000.0
3.0;2000.0;0.3139670065449404;0.00057374;10.704;1425.0;2.0877;20256000.0
3.0;2250.0;0.3223943844580074;0.00057374;10.704;1425.0;2.0877;20256000.0
3.0;3000.0;0.3507373352100968;0.00057374;10.704;1425.0;2.0877;20256000.0
3.0;3182.0;0.3469880273256615;0.00057374;10.704;1425.0;2.0877;20256000.0
3.0;3652.0;0.3404824929883649;0.00057374;10.704;1425.0;2.0877;20256000.0
4.0;1.0;0.0;0.023758;11.237;1425.0;2.5802;5203100.0
4.0;2.0;0.0029038378128997;0.023758;11.237;1425.0;2.5802;5203100.0
4.0;7.0;0.0135430090036463;0.023758;11.237;1425.0;2.5802;5203100.0
4.0;15.0;0.0176096892067354;0.023758;11.237;1425.0;2.5802;5203100.0
4.0;21.0;0.0241526308023985;0.023758;11.237;1425.0;2.5802;5203100.0
4.0;30.0;0.0343745209691433;0.023758;11.237;1425.0;2.5802;5203100.0
4.0;45.0;0.0552578951093874;0.023758;11.237;1425.0;2.5802;5203100.0
4.0;50.0;0.0633693474709858;0.023758;11.237;1425.0;2.5802;5203100.0
4.0;60.0;0.0777451642775314;0.023758;11.237;1425.0;2.5802;5203100.0
4.0;75.0;0.0982052033382978;0.023758;11.237;1425.0;2.5802;5203100.0
4.0;90.0;0.1283290709635083;0.023758;11.237;1425.0;2.5802;5203100.0
4.0;100.0;0.1114075886098514;0.023758;11.237;1425.0;2.5802;5203100.0
4.0;125.0;0.163197903996308;0.023758;11.237;1425.0;2.5802;5203100.0
4.0;150.0;0.2115850379860203;0.023758;11.237;1425.0;2.5802;5203100.0
4.0;182.0;0.2632623530631015;0.023758;11.237;1425.0;2.5802;5203100.0
4.0;200.0;0.2635262721431864;0.023758;11.237;1425.0;2.5802;5203100.0
4.0;250.0;0.3387741161680692;0.023758;11.237;1425.0;2.5802;5203100.0
4.0;300.0;0.3495337236515923;0.023758;11.237;1425.0;2.5802;5203100.0
4.0;330.0;0.3409660000075389;0.023758;11.237;1425.0;2.5802;5203100.0
4.0;365.0;0.3843631902014273;0.023758;11.237;1425.0;2.5802;5203100.0
4.0;550.0;0.5836783375700465;0.023758;11.237;1425.0;2.5802;5203100.0
4.0;640.0;0.483693769577769;0.023758;11.237;1425.0;2.5802;5203100.0
4.0;730.0;0.5794391772227295;0.023758;11.237;1425.0;2.5802;5203100.0
4.0;1000.0;0.5548697726921938;0.023758;11.237;1425.0;2.5802;5203100.0
4.0;1500.0;0.6757811779470352;0.023758;11.237;1425.0;2.5802;5203100.0
4.0;2000.0;0.7862158835108852;0.023758;11.237;1425.0;2.5802;5203100.0
4.0;2250.0;0.6778876044805521;0.023758;11.237;1425.0;2.5802;5203100.0
4.0;3000.0;0.7616394930317648;0.023758;11.237;1425.0;2.5802;5203100.0
4.0;3182.0;0.8001242609465113;0.023758;11.237;1425.0;2.5802;5203100.0
4.0;3652.0;0.784027044277768;0.023758;11.237;1425.0;2.5802;5203100.0
7.0;1.0;0.0;0.017869;37.15;1350.0;2.1056;27810000.0
7.0;2.0;0.0030580677191298;0.017869;37.15;1350.0;2.1056;27810000.0
7.0;7.0;0.0148834131981546;0.017869;37.15;1350.0;2.1056;27810000.0
7.0;15.0;0.0215394103842606;0.017869;37.15;1350.0;2.1056;27810000.0
7.0;21.0;0.0241524142781613;0.017869;37.15;1350.0;2.1056;27810000.0
7.0;30.0;0.0316583333666094;0.017869;37.15;1350.0;2.1056;27810000.0
7.0;45.0;0.0451398224983757;0.017869;37.15;1350.0;2.1056;27810000.0
7.0;50.0;0.048759907806012;0.017869;37.15;1350.0;2.1056;27810000.0
7.0;60.0;0.0589905795479446;0.017869;37.15;1350.0;2.1056;27810000.0
7.0;75.0;0.0675783894922642;0.017869;37.15;1350.0;2.1056;27810000.0
7.0;90.0;0.086542647569335;0.017869;37.15;1350.0;2.1056;27810000.0
7.0;100.0;0.0904205207984803;0.017869;37.15;1350.0;2.1056;27810000.0
7.0;125.0;0.1136800812151878;0.017869;37.15;1350.0;2.1056;27810000.0
7.0;150.0;0.1344790475560377;0.017869;37.15;1350.0;2.1056;27810000.0
7.0;182.0;0.1821309914129173;0.017869;37.15;1350.0;2.1056;27810000.0
7.0;200.0;0.1615247634280897;0.017869;37.15;1350.0;2.1056;27810000.0
7.0;250.0;0.2107351731687922;0.017869;37.15;1350.0;2.1056;27810000.0
7.0;300.0;0.2281378727600592;0.017869;37.15;1350.0;2.1056;27810000.0
7.0;330.0;0.217848306760813;0.017869;37.15;1350.0;2.1056;27810000.0
7.0;365.0;0.2199584496227709;0.017869;37.15;1350.0;2.1056;27810000.0
7.0;550.0;0.2663518283578356;0.017869;37.15;1350.0;2.1056;27810000.0
7.0;640.0;0.3082271350654137;0.017869;37.15;1350.0;2.1056;27810000.0
7.0;730.0;0.2874353576477332;0.017869;37.15;1350.0;2.1056;27810000.0
7.0;1000.0;0.2831099833434623;0.017869;37.15;1350.0;2.1056;27810000.0
7.0;1500.0;0.3139048393063646;0.017869;37.15;1350.0;2.1056;27810000.0
7.0;2000.0;0.3626349146867626;0.017869;37.15;1350.0;2.1056;27810000.0
7.0;2250.0;0.3876151338254222;0.017869;37.15;1350.0;2.1056;27810000.0
7.0;3000.0;0.4445616320493717;0.017869;37.15;1350.0;2.1056;27810000.0
7.0;3182.0;0.4465673311112902;0.017869;37.15;1350.0;2.1056;27810000.0
7.0;3652.0;0.4438459728656725;0.017869;37.15;1350.0;2.1056;27810000.0
8.0;1.0;0.0;0.021748;6.9778;1650.0;2.0095;5220000.0
8.0;2.0;0.0024292213964008;0.021748;6.9778;1650.0;2.0095;5220000.0
8.0;7.0;0.0098897397031194;0.021748;6.9778;1650.0;2.0095;5220000.0
8.0;15.0;0.0155699495178959;0.021748;6.9778;1650.0;2.0095;5220000.0
8.0;21.0;0.0205921143023982;0.021748;6.9778;1650.0;2.0095;5220000.0
8.0;30.0;0.0261748518897128;0.021748;6.9778;1650.0;2.0095;5220000.0
8.0;45.0;0.0370042592729786;0.021748;6.9778;1650.0;2.0095;5220000.0
8.0;50.0;0.0411498392865107;0.021748;6.9778;1650.0;2.0095;5220000.0
8.0;60.0;0.0492114794156571;0.021748;6.9778;1650.0;2.0095;5220000.0
8.0;75.0;0.0551663282849413;0.021748;6.9778;1650.0;2.0095;5220000.0
8.0;90.0;0.0692507301025263;0.021748;6.9778;1650.0;2.0095;5220000.0
8.0;100.0;0.0671801751349022;0.021748;6.9778;1650.0;2.0095;5220000.0
8.0;125.0;0.0867459868794762;0.021748;6.9778;1650.0;2.0095;5220000.0
8.0;150.0;0.1005145086384872;0.021748;6.9778;1650.0;2.0095;5220000.0
8.0;182.0;0.1350018125779318;0.021748;6.9778;1650.0;2.0095;5220000.0
8.0;200.0;0.1208756437345863;0.021748;6.9778;1650.0;2.0095;5220000.0
8.0;250.0;0.1569619144352859;0.021748;6.9778;1650.0;2.0095;5220000.0
8.0;300.0;0.1632286421426053;0.021748;6.9778;1650.0;2.0095;5220000.0
8.0;330.0;0.1660540117796344;0.021748;6.9778;1650.0;2.0095;5220000.0
8.0;365.0;0.1669176491637847;0.021748;6.9778;1650.0;2.0095;5220000.0
8.0;550.0;0.2280712151792872;0.021748;6.9778;1650.0;2.0095;5220000.0
8.0;640.0;0.2008596401682099;0.021748;6.9778;1650.0;2.0095;5220000.0
8.0;730.0;0.2290698705623457;0.021748;6.9778;1650.0;2.0095;5220000.0
8.0;1000.0;0.2289059246595119;0.021748;6.9778;1650.0;2.0095;5220000.0
8.0;1500.0;0.2532919976307358;0.021748;6.9778;1650.0;2.0095;5220000.0
8.0;2000.0;0.307444958247462;0.021748;6.9778;1650.0;2.0095;5220000.0
8.0;2250.0;0.2546218590381737;0.021748;6.9778;1650.0;2.0095;5220000.0
8.0;3000.0;0.2952458709989269;0.021748;6.9778;1650.0;2.0095;5220000.0
8.0;3182.0;0.3077574339344336;0.021748;6.9778;1650.0;2.0095;5220000.0
8.0;3652.0;0.2988454033579271;0.021748;6.9778;1650.0;2.0095;5220000.0
10.0;1.0;0.0;0.0048044;15.404;1575.0;1.5889;57802000.0
10.0;2.0;0.0036961359926021;0.0048044;15.404;1575.0;1.5889;57802000.0
10.0;7.0;0.0149153057926668;0.0048044;15.404;1575.0;1.5889;57802000.0
10.0;15.0;0.0245984761310134;0.0048044;15.404;1575.0;1.5889;57802000.0
10.0;21.0;0.0299447072943751;0.0048044;15.404;1575.0;1.5889;57802000.0
10.0;30.0;0.0396167202369016;0.0048044;15.404;1575.0;1.5889;57802000.0
10.0;45.0;0.0553832776252949;0.0048044;15.404;1575.0;1.5889;57802000.0
10.0;50.0;0.0593835806914336;0.0048044;15.404;1575.0;1.5889;57802000.0
10.0;60.0;0.0679561298715281;0.0048044;15.404;1575.0;1.5889;57802000.0
10.0;75.0;0.0761342205895982;0.0048044;15.404;1575.0;1.5889;57802000.0
10.0;90.0;0.0915538363720714;0.0048044;15.404;1575.0;1.5889;57802000.0
10.0;100.0;0.0973990073949321;0.0048044;15.404;1575.0;1.5889;57802000.0
10.0;125.0;0.1156747671790141;0.0048044;15.404;1575.0;1.5889;57802000.0
10.0;150.0;0.1256386317341979;0.0048044;15.404;1575.0;1.5889;57802000.0
10.0;182.0;0.1694940808176965;0.0048044;15.404;1575.0;1.5889;57802000.0
10.0;200.0;0.1505735497916813;0.0048044;15.404;1575.0;1.5889;57802000.0
10.0;250.0;0.1848443211412745;0.0048044;15.404;1575.0;1.5889;57802000.0
10.0;300.0;0.1946450490325681;0.0048044;15.404;1575.0;1.5889;57802000.0
10.0;330.0;0.190248519479968;0.0048044;15.404;1575.0;1.5889;57802000.0
10.0;365.0;0.1919192240305992;0.0048044;15.404;1575.0;1.5889;57802000.0
10.0;550.0;0.2098037967334995;0.0048044;15.404;1575.0;1.5889;57802000.0
10.0;640.0;0.2109924146432494;0.0048044;15.404;1575.0;1.5889;57802000.0
10.0;730.0;0.2219972819663322;0.0048044;15.404;1575.0;1.5889;57802000.0
10.0;1000.0;0.2195961274154312;0.0048044;15.404;1575.0;1.5889;57802000.0
10.0;1500.0;0.2398609081321402;0.0048044;15.404;1575.0;1.5889;57802000.0
10.0;2000.0;0.2529439373271915;0.0048044;15.404;1575.0;1.5889;57802000.0
10.0;2250.0;0.2617802626837504;0.0048044;15.404;1575.0;1.5889;57802000.0
10.0;3000.0;0.2852854471786938;0.0048044;15.404;1575.0;1.5889;57802000.0
10.0;3182.0;0.2814243423319297;0.0048044;15.404;1575.0;1.5889;57802000.0
10.0;3652.0;0.277418471559083;0.0048044;15.404;1575.0;1.5889;57802000.0
11.0;1.0;0.0;0.0054417;13.099;1650.0;2.9142;32676000.0
11.0;2.0;0.0019370712288229;0.0054417;13.099;1650.0;2.9142;32676000.0
11.0;7.0;0.007095871537476;0.0054417;13.099;1650.0;2.9142;32676000.0
11.0;15.0;0.0120509099789133;0.0054417;13.099;1650.0;2.9142;32676000.0
11.0;21.0;0.0145232402357078;0.0054417;13.099;1650.0;2.9142;32676000.0
11.0;30.0;0.020072089411818;0.0054417;13.099;1650.0;2.9142;32676000.0
11.0;45.0;0.0261210016407048;0.0054417;13.099;1650.0;2.9142;32676000.0
11.0;50.0;0.0284514783161753;0.0054417;13.099;1650.0;2.9142;32676000.0
11.0;60.0;0.033546352924242;0.0054417;13.099;1650.0;2.9142;32676000.0
11.0;75.0;0.0368904258739981;0.0054417;13.099;1650.0;2.9142;32676000.0
11.0;90.0;0.0435498926878454;0.0054417;13.099;1650.0;2.9142;32676000.0
11.0;100.0;0.0450395001628755;0.0054417;13.099;1650.0;2.9142;32676000.0
11.0;125.0;0.0536194455200638;0.0054417;13.099;1650.0;2.9142;32676000.0
11.0;150.0;0.0598230567838327;0.0054417;13.099;1650.0;2.9142;32676000.0
11.0;182.0;0.0809120145894057;0.0054417;13.099;1650.0;2.9142;32676000.0
11.0;200.0;0.0702273222818131;0.0054417;13.099;1650.0;2.9142;32676000.0
11.0;250.0;0.0852140154232992;0.0054417;13.099;1650.0;2.9142;32676000.0
11.0;300.0;0.0890154277610986;0.0054417;13.099;1650.0;2.9142;32676000.0
11.0;330.0;0.0959083060330537;0.0054417;13.099;1650.0;2.9142;32676000.0
11.0;365.0;0.1027263425009789;0.0054417;13.099;1650.0;2.9142;32676000.0
11.0;550.0;0.1610933945548384;0.0054417;13.099;1650.0;2.9142;32676000.0
11.0;640.0;0.1117133331586725;0.0054417;13.099;1650.0;2.9142;32676000.0
11.0;730.0;0.1622678540420822;0.0054417;13.099;1650.0;2.9142;32676000.0
11.0;1000.0;0.1434957831452464;0.0054417;13.099;1650.0;2.9142;32676000.0
11.0;1500.0;0.1798236225330244;0.0054417;13.099;1650.0;2.9142;32676000.0
11.0;2000.0;0.2277905822790657;0.0054417;13.099;1650.0;2.9142;32676000.0
11.0;2250.0;0.1863135281795742;0.0054417;13.099;1650.0;2.9142;32676000.0
11.0;3000.0;0.2125360268924517;0.0054417;13.099;1650.0;2.9142;32676000.0
11.0;3182.0;0.2254410217221132;0.0054417;13.099;1650.0;2.9142;32676000.0
11.0;3652.0;0.2201414820862259;0.0054417;13.099;1650.0;2.9142;32676000.0
12.0;1.0;0.0;0.041692;15.048;1425.0;2.0142;95816000.0
12.0;2.0;0.0031172366230168;0.041692;15.048;1425.0;2.0142;95816000.0
12.0;7.0;0.0119980742691852;0.041692;15.048;1425.0;2.0142;95816000.0
12.0;15.0;0.0202381603996584;0.041692;15.048;1425.0;2.0142;95816000.0
12.0;21.0;0.0255436737593257;0.041692;15.048;1425.0;2.0142;95816000.0
12.0;30.0;0.0336530456759948;0.041692;15.048;1425.0;2.0142;95816000.0
12.0;45.0;0.0456663647764526;0.041692;15.048;1425.0;2.0142;95816000.0
12.0;50.0;0.048765820416689;0.041692;15.048;1425.0;2.0142;95816000.0
12.0;60.0;0.0557106477275746;0.041692;15.048;1425.0;2.0142;95816000.0
12.0;75.0;0.0617143037051616;0.041692;15.048;1425.0;2.0142;95816000.0
12.0;90.0;0.0730083632551525;0.041692;15.048;1425.0;2.0142;95816000.0
12.0;100.0;0.075515837203816;0.041692;15.048;1425.0;2.0142;95816000.0
12.0;125.0;0.0892199128887487;0.041692;15.048;1425.0;2.0142;95816000.0
12.0;150.0;0.0962223954294124;0.041692;15.048;1425.0;2.0142;95816000.0
12.0;182.0;0.1222048385002407;0.041692;15.048;1425.0;2.0142;95816000.0
12.0;200.0;0.1097959090683453;0.041692;15.048;1425.0;2.0142;95816000.0
12.0;250.0;0.1354973370815109;0.041692;15.048;1425.0;2.0142;95816000.0
12.0;300.0;0.1399019202106291;0.041692;15.048;1425.0;2.0142;95816000.0
12.0;330.0;0.1373040463940995;0.041692;15.048;1425.0;2.0142;95816000.0
12.0;365.0;0.1401841306625733;0.041692;15.048;1425.0;2.0142;95816000.0
12.0;550.0;0.1648644901701096;0.041692;15.048;1425.0;2.0142;95816000.0
12.0;640.0;0.1571672918013276;0.041692;15.048;1425.0;2.0142;95816000.0
12.0;730.0;0.1678353858801527;0.041692;15.048;1425.0;2.0142;95816000.0
12.0;1000.0;0.1657508014468537;0.041692;15.048;1425.0;2.0142;95816000.0
12.0;1500.0;0.1798460402914341;0.041692;15.048;1425.0;2.0142;95816000.0
12.0;2000.0;0.2004849205789094;0.041692;15.048;1425.0;2.0142;95816000.0
12.0;2250.0;0.1929481981907597;0.041692;15.048;1425.0;2.0142;95816000.0
12.0;3000.0;0.2099046225966859;0.041692;15.048;1425.0;2.0142;95816000.0
12.0;3182.0;0.213048401364416;0.041692;15.048;1425.0;2.0142;95816000.0
12.0;3652.0;0.2076715457193804;0.041692;15.048;1425.0;2.0142;95816000.0
13.0;1.0;0.0;0.017;7.6422;1650.0;2.9322;15452000.0
13.0;2.0;0.0022063438684162;0.017;7.6422;1650.0;2.9322;15452000.0
13.0;7.0;0.0079049822077504;0.017;7.6422;1650.0;2.9322;15452000.0
13.0;15.0;0.0131027301018794;0.017;7.6422;1650.0;2.9322;15452000.0
13.0;21.0;0.0163134425363499;0.017;7.6422;1650.0;2.9322;15452000.0
13.0;30.0;0.021215598309817;0.017;7.6422;1650.0;2.9322;15452000.0
13.0;45.0;0.0288174603152483;0.017;7.6422;1650.0;2.9322;15452000.0
13.0;50.0;0.0304267922884734;0.017;7.6422;1650.0;2.9322;15452000.0
13.0;60.0;0.0346905965629798;0.017;7.6422;1650.0;2.9322;15452000.0
13.0;75.0;0.0387243201545047;0.017;7.6422;1650.0;2.9322;15452000.0
13.0;90.0;0.0459743068795799;0.017;7.6422;1650.0;2.9322;15452000.0
13.0;100.0;0.0469526408581791;0.017;7.6422;1650.0;2.9322;15452000.0
13.0;125.0;0.0553150340899671;0.017;7.6422;1650.0;2.9322;15452000.0
13.0;150.0;0.0594677090973026;0.017;7.6422;1650.0;2.9322;15452000.0
13.0;182.0;0.0731496298288549;0.017;7.6422;1650.0;2.9322;15452000.0
13.0;200.0;0.0658171901360725;0.017;7.6422;1650.0;2.9322;15452000.0
13.0;250.0;0.0779261402350436;0.017;7.6422;1650.0;2.9322;15452000.0
13.0;300.0;0.0792644259288585;0.017;7.6422;1650.0;2.9322;15452000.0
13.0;330.0;0.0779433827626115;0.017;7.6422;1650.0;2.9322;15452000.0
13.0;365.0;0.0799346362186648;0.017;7.6422;1650.0;2.9322;15452000.0
13.0;550.0;0.087027515571261;0.017;7.6422;1650.0;2.9322;15452000.0
13.0;640.0;0.0849612236094247;0.017;7.6422;1650.0;2.9322;15452000.0
13.0;730.0;0.0884871835852028;0.017;7.6422;1650.0;2.9322;15452000.0
13.0;1000.0;0.0883850470404615;0.017;7.6422;1650.0;2.9322;15452000.0
13.0;1500.0;0.0939969184671416;0.017;7.6422;1650.0;2.9322;15452000.0
13.0;2000.0;0.0970225067681391;0.017;7.6422;1650.0;2.9322;15452000.0
13.0;2250.0;0.0950715610308494;0.017;7.6422;1650.0;2.9322;15452000.0
13.0;3000.0;0.0998605746589843;0.017;7.6422;1650.0;2.9322;15452000.0
13.0;3182.0;0.100627638858427;0.017;7.6422;1650.0;2.9322;15452000.0
13.0;3652.0;0.0993700430118872;0.017;7.6422;1650.0;2.9322;15452000.0
14.0;1.0;0.0;0.018148;40.589;1425.0;1.7481;52751000.0
14.0;2.0;0.0025659666410965;0.018148;40.589;1425.0;1.7481;52751000.0
14.0;7.0;0.0103738358831147;0.018148;40.589;1425.0;1.7481;52751000.0
14.0;15.0;0.0168416848858304;0.018148;40.589;1425.0;1.7481;52751000.0
14.0;21.0;0.0202724122122124;0.018148;40.589;1425.0;1.7481;52751000.0
14.0;30.0;0.0275341640025388;0.018148;40.589;1425.0;1.7481;52751000.0
14.0;45.0;0.0388811593027748;0.018148;40.589;1425.0;1.7481;52751000.0
14.0;50.0;0.0415347739756035;0.018148;40.589;1425.0;1.7481;52751000.0
14.0;60.0;0.0489192562488914;0.018148;40.589;1425.0;1.7481;52751000.0
14.0;75.0;0.0546117941971823;0.018148;40.589;1425.0;1.7481;52751000.0
14.0;90.0;0.0669928669115922;0.018148;40.589;1425.0;1.7481;52751000.0
14.0;100.0;0.068680108288561;0.018148;40.589;1425.0;1.7481;52751000.0
14.0;125.0;0.0833140874338638;0.018148;40.589;1425.0;1.7481;52751000.0
14.0;150.0;0.0918619289379249;0.018148;40.589;1425.0;1.7481;52751000.0
14.0;182.0;0.1215173863507666;0.018148;40.589;1425.0;1.7481;52751000.0
14.0;200.0;0.1069115659894321;0.018148;40.589;1425.0;1.7481;52751000.0
14.0;250.0;0.1365794657922444;0.018148;40.589;1425.0;1.7481;52751000.0
14.0;300.0;0.1450425063164491;0.018148;40.589;1425.0;1.7481;52751000.0
14.0;330.0;0.1420255296298411;0.018148;40.589;1425.0;1.7481;52751000.0
14.0;365.0;0.1425932016706186;0.018148;40.589;1425.0;1.7481;52751000.0
14.0;550.0;0.1779987806038242;0.018148;40.589;1425.0;1.7481;52751000.0
14.0;640.0;0.1695171431140686;0.018148;40.589;1425.0;1.7481;52751000.0
14.0;730.0;0.1853542925340359;0.018148;40.589;1425.0;1.7481;52751000.0
14.0;1000.0;0.1822949300554637;0.018148;40.589;1425.0;1.7481;52751000.0
14.0;1500.0;0.2052838878657032;0.018148;40.589;1425.0;1.7481;52751000.0
14.0;2000.0;0.2389230922334167;0.018148;40.589;1425.0;1.7481;52751000.0
14.0;2250.0;0.2532539698891539;0.018148;40.589;1425.0;1.7481;52751000.0
14.0;3000.0;0.282433542329905;0.018148;40.589;1425.0;1.7481;52751000.0
14.0;3182.0;0.2794139713109449;0.018148;40.589;1425.0;1.7481;52751000.0
14.0;3652.0;0.2711404842844023;0.018148;40.589;1425.0;1.7481;52751000.0
15.0;1.0;0.0;0.026241;19.189;1500.0;3.2359;4303100.0
15.0;2.0;0.006634684505364;0.026241;19.189;1500.0;3.2359;4303100.0
15.0;7.0;0.0311773625577056;0.026241;19.189;1500.0;3.2359;4303100.0
15.0;15.0;0.0513970717384473;0.026241;19.189;1500.0;3.2359;4303100.0
15.0;21.0;0.06022038573683;0.026241;19.189;1500.0;3.2359;4303100.0
15.0;30.0;0.0825331753189077;0.026241;19.189;1500.0;3.2359;4303100.0
15.0;45.0;0.1235389878871018;0.026241;19.189;1500.0;3.2359;4303100.0
15.0;50.0;0.1311647698776999;0.026241;19.189;1500.0;3.2359;4303100.0
15.0;60.0;0.1600636107227578;0.026241;19.189;1500.0;3.2359;4303100.0
15.0;75.0;0.180461623614826;0.026241;19.189;1500.0;3.2359;4303100.0
15.0;90.0;0.2366167660152137;0.026241;19.189;1500.0;3.2359;4303100.0
15.0;100.0;0.2337417479616417;0.026241;19.189;1500.0;3.2359;4303100.0
15.0;125.0;0.3297969187112146;0.026241;19.189;1500.0;3.2359;4303100.0
15.0;150.0;0.3410098277260219;0.026241;19.189;1500.0;3.2359;4303100.0
15.0;182.0;0.4957286907657203;0.026241;19.189;1500.0;3.2359;4303100.0
15.0;200.0;0.4355509333067073;0.026241;19.189;1500.0;3.2359;4303100.0
15.0;250.0;0.5977122408648733;0.026241;19.189;1500.0;3.2359;4303100.0
15.0;300.0;0.6190038122194393;0.026241;19.189;1500.0;3.2359;4303100.0
15.0;330.0;0.5616513171258777;0.026241;19.189;1500.0;3.2359;4303100.0
15.0;365.0;0.5986284345185184;0.026241;19.189;1500.0;3.2359;4303100.0
15.0;550.0;0.7031895747763489;0.026241;19.189;1500.0;3.2359;4303100.0
15.0;640.0;0.7198615826971494;0.026241;19.189;1500.0;3.2359;4303100.0
15.0;730.0;0.7549130005430196;0.026241;19.189;1500.0;3.2359;4303100.0
15.0;1000.0;0.774655160833859;0.026241;19.189;1500.0;3.2359;4303100.0
15.0;1500.0;0.8513748100498971;0.026241;19.189;1500.0;3.2359;4303100.0
15.0;2000.0;0.8974438894037763;0.026241;19.189;1500.0;3.2359;4303100.0
15.0;2250.0;1.0169330914112529;0.026241;19.189;1500.0;3.2359;4303100.0
15.0;3000.0;1.0472826276909657;0.026241;19.189;1500.0;3.2359;4303100.0
15.0;3182.0;1.0833459578065228;0.026241;19.189;1500.0;3.2359;4303100.0
15.0;3652.0;1.1253996205961938;0.026241;19.189;1500.0;3.2359;4303100.0
16.0;1.0;0.0;0.028223;29.454;1725.0;2.3301;81242000.0
16.0;2.0;0.0031220060443771;0.028223;29.454;1725.0;2.3301;81242000.0
16.0;7.0;0.0119243259775783;0.028223;29.454;1725.0;2.3301;81242000.0
16.0;15.0;0.0202042268021913;0.028223;29.454;1725.0;2.3301;81242000.0
16.0;21.0;0.0239631484988848;0.028223;29.454;1725.0;2.3301;81242000.0
16.0;30.0;0.0353137113675942;0.028223;29.454;1725.0;2.3301;81242000.0
16.0;45.0;0.0496047517559637;0.028223;29.454;1725.0;2.3301;81242000.0
16.0;50.0;0.0476057072960049;0.028223;29.454;1725.0;2.3301;81242000.0
16.0;60.0;0.0567602945941713;0.028223;29.454;1725.0;2.3301;81242000.0
16.0;75.0;0.0725509104538725;0.028223;29.454;1725.0;2.3301;81242000.0
16.0;90.0;0.0895169299721877;0.028223;29.454;1725.0;2.3301;81242000.0
16.0;100.0;0.0844783754487946;0.028223;29.454;1725.0;2.3301;81242000.0
16.0;125.0;0.1091538112510357;0.028223;29.454;1725.0;2.3301;81242000.0
16.0;150.0;0.121042185801159;0.028223;29.454;1725.0;2.3301;81242000.0
16.0;182.0;0.170593776057579;0.028223;29.454;1725.0;2.3301;81242000.0
16.0;200.0;0.1472520048747115;0.028223;29.454;1725.0;2.3301;81242000.0
16.0;250.0;0.1853370885227453;0.028223;29.454;1725.0;2.3301;81242000.0
16.0;300.0;0.1950362037691826;0.028223;29.454;1725.0;2.3301;81242000.0
16.0;330.0;0.1923197640242285;0.028223;29.454;1725.0;2.3301;81242000.0
16.0;365.0;0.2097726621222561;0.028223;29.454;1725.0;2.3301;81242000.0
16.0;550.0;0.242791000598593;0.028223;29.454;1725.0;2.3301;81242000.0
16.0;640.0;0.2362747524701068;0.028223;29.454;1725.0;2.3301;81242000.0
16.0;730.0;0.2551800239400359;0.028223;29.454;1725.0;2.3301;81242000.0
16.0;1000.0;0.2542675470863599;0.028223;29.454;1725.0;2.3301;81242000.0
16.0;1500.0;0.2763248056884269;0.028223;29.454;1725.0;2.3301;81242000.0
16.0;2000.0;0.3300881135131431;0.028223;29.454;1725.0;2.3301;81242000.0
16.0;2250.0;0.2830557734189099;0.028223;29.454;1725.0;2.3301;81242000.0
16.0;3000.0;0.3076541208229284;0.028223;29.454;1725.0;2.3301;81242000.0
16.0;3182.0;0.318566605216342;0.028223;29.454;1725.0;2.3301;81242000.0
16.0;3652.0;0.3146286910434445;0.028223;29.454;1725.0;2.3301;81242000.0
17.0;1.0;0.0;0.0094464;30.539;1575.0;2.4613;61779000.0
17.0;2.0;0.0036195277470909;0.0094464;30.539;1575.0;2.4613;61779000.0
17.0;7.0;0.0154406150457085;0.0094464;30.539;1575.0;2.4613;61779000.0
17.0;15.0;0.0249713462213946;0.0094464;30.539;1575.0;2.4613;61779000.0
17.0;21.0;0.0305220198069751;0.0094464;30.539;1575.0;2.4613;61779000.0
17.0;30.0;0.0413325160789286;0.0094464;30.539;1575.0;2.4613;61779000.0
17.0;45.0;0.0588386845126401;0.0094464;30.539;1575.0;2.4613;61779000.0
17.0;50.0;0.064206476630692;0.0094464;30.539;1575.0;2.4613;61779000.0
17.0;60.0;0.076728299538617;0.0094464;30.539;1575.0;2.4613;61779000.0
17.0;75.0;0.086416666848223;0.0094464;30.539;1575.0;2.4613;61779000.0
17.0;90.0;0.1067295865950587;0.0094464;30.539;1575.0;2.4613;61779000.0
17.0;100.0;0.1097283449180419;0.0094464;30.539;1575.0;2.4613;61779000.0
17.0;125.0;0.1360395383093257;0.0094464;30.539;1575.0;2.4613;61779000.0
17.0;150.0;0.1530052158717392;0.0094464;30.539;1575.0;2.4613;61779000.0
17.0;182.0;0.1967703504900904;0.0094464;30.539;1575.0;2.4613;61779000.0
17.0;200.0;0.1794890293048382;0.0094464;30.539;1575.0;2.4613;61779000.0
17.0;250.0;0.2208850390626014;0.0094464;30.539;1575.0;2.4613;61779000.0
17.0;300.0;0.235479689088935;0.0094464;30.539;1575.0;2.4613;61779000.0
17.0;330.0;0.2338981332650584;0.0094464;30.539;1575.0;2.4613;61779000.0
17.0;365.0;0.2335533325873067;0.0094464;30.539;1575.0;2.4613;61779000.0
17.0;550.0;0.2797390910506027;0.0094464;30.539;1575.0;2.4613;61779000.0
17.0;640.0;0.272474435430279;0.0094464;30.539;1575.0;2.4613;61779000.0
17.0;730.0;0.2945531520453903;0.0094464;30.539;1575.0;2.4613;61779000.0
17.0;1000.0;0.2879497458239944;0.0094464;30.539;1575.0;2.4613;61779000.0
17.0;1500.0;0.3136293421166833;0.0094464;30.539;1575.0;2.4613;61779000.0
17.0;2000.0;0.35737394615816;0.0094464;30.539;1575.0;2.4613;61779000.0
17.0;2250.0;0.3393159415956775;0.0094464;30.539;1575.0;2.4613;61779000.0
17.0;3000.0;0.385535287772176;0.0094464;30.539;1575.0;2.4613;61779000.0
17.0;3182.0;0.3745541726439292;0.0094464;30.539;1575.0;2.4613;61779000.0
17.0;3652.0;0.360705584925762;0.0094464;30.539;1575.0;2.4613;61779000.0
18.0;1.0;0.0;0.020719;6.3567;1425.0;2.2444;10912000.0
18.0;2.0;0.0016343316961933;0.020719;6.3567;1425.0;2.2444;10912000.0
18.0;7.0;0.005121275722781;0.020719;6.3567;1425.0;2.2444;10912000.0
18.0;15.0;0.0083868069408391;0.020719;6.3567;1425.0;2.2444;10912000.0
18.0;21.0;0.0103401025068759;0.020719;6.3567;1425.0;2.2444;10912000.0
18.0;30.0;0.013022431319224;0.020719;6.3567;1425.0;2.2444;10912000.0
18.0;45.0;0.0176016239315654;0.020719;6.3567;1425.0;2.2444;10912000.0
18.0;50.0;0.0184301129076335;0.020719;6.3567;1425.0;2.2444;10912000.0
18.0;60.0;0.0207932237891045;0.020719;6.3567;1425.0;2.2444;10912000.0
18.0;75.0;0.0236715852474286;0.020719;6.3567;1425.0;2.2444;10912000.0
18.0;90.0;0.0274766933281444;0.020719;6.3567;1425.0;2.2444;10912000.0
18.0;100.0;0.0298563797653111;0.020719;6.3567;1425.0;2.2444;10912000.0
18.0;125.0;0.0342707370975021;0.020719;6.3567;1425.0;2.2444;10912000.0
18.0;150.0;0.0371139385256656;0.020719;6.3567;1425.0;2.2444;10912000.0
18.0;182.0;0.0455999859724022;0.020719;6.3567;1425.0;2.2444;10912000.0
18.0;200.0;0.0415799956325019;0.020719;6.3567;1425.0;2.2444;10912000.0
18.0;250.0;0.0465683986285258;0.020719;6.3567;1425.0;2.2444;10912000.0
18.0;300.0;0.0475726521968069;0.020719;6.3567;1425.0;2.2444;10912000.0
18.0;330.0;0.0475380767596782;0.020719;6.3567;1425.0;2.2444;10912000.0
18.0;365.0;0.0481160170316837;0.020719;6.3567;1425.0;2.2444;10912000.0
18.0;550.0;0.0489711306387264;0.020719;6.3567;1425.0;2.2444;10912000.0
18.0;640.0;0.0492713675456951;0.020719;6.3567;1425.0;2.2444;10912000.0
18.0;730.0;0.0497953805544372;0.020719;6.3567;1425.0;2.2444;10912000.0
18.0;1000.0;0.0496331938629077;0.020719;6.3567;1425.0;2.2444;10912000.0
18.0;1500.0;0.0507208499426089;0.020719;6.3567;1425.0;2.2444;10912000.0
18.0;2000.0;0.0510039715036726;0.020719;6.3567;1425.0;2.2444;10912000.0
18.0;2250.0;0.0509764643146258;0.020719;6.3567;1425.0;2.2444;10912000.0
18.0;3000.0;0.0517286126819821;0.020719;6.3567;1425.0;2.2444;10912000.0
18.0;3182.0;0.0517182968701426;0.020719;6.3567;1425.0;2.2444;10912000.0
18.0;3652.0;0.0515095706017609;0.020719;6.3567;1425.0;2.2444;10912000.0
19.0;1.0;0.0;0.0081185;2.4609;1725.0;2.6646;42446000.0
19.0;2.0;0.0072548607901231;0.0081185;2.4609;1725.0;2.6646;42446000.0
19.0;7.0;0.0313874267323508;0.0081185;2.4609;1725.0;2.6646;42446000.0
19.0;15.0;0.0510183289905755;0.0081185;2.4609;1725.0;2.6646;42446000.0
19.0;21.0;0.064328608386753;0.0081185;2.4609;1725.0;2.6646;42446000.0
19.0;30.0;0.0866235149493999;0.0081185;2.4609;1725.0;2.6646;42446000.0
19.0;45.0;0.1194574550329494;0.0081185;2.4609;1725.0;2.6646;42446000.0
19.0;50.0;0.1313613472333877;0.0081185;2.4609;1725.0;2.6646;42446000.0
19.0;60.0;0.152162987955307;0.0081185;2.4609;1725.0;2.6646;42446000.0
19.0;75.0;0.1701765068900256;0.0081185;2.4609;1725.0;2.6646;42446000.0
19.0;90.0;0.2019039969055668;0.0081185;2.4609;1725.0;2.6646;42446000.0
19.0;100.0;0.2125258932220959;0.0081185;2.4609;1725.0;2.6646;42446000.0
19.0;125.0;0.2530179111076082;0.0081185;2.4609;1725.0;2.6646;42446000.0
19.0;150.0;0.2680949006101948;0.0081185;2.4609;1725.0;2.6646;42446000.0
19.0;182.0;0.3536643637347382;0.0081185;2.4609;1725.0;2.6646;42446000.0
19.0;200.0;0.3253392003698516;0.0081185;2.4609;1725.0;2.6646;42446000.0
19.0;250.0;0.4087089639478045;0.0081185;2.4609;1725.0;2.6646;42446000.0
19.0;300.0;0.4205444248703545;0.0081185;2.4609;1725.0;2.6646;42446000.0
19.0;330.0;0.4166164199836191;0.0081185;2.4609;1725.0;2.6646;42446000.0
19.0;365.0;0.4183549524657499;0.0081185;2.4609;1725.0;2.6646;42446000.0
19.0;550.0;0.4374146158115595;0.0081185;2.4609;1725.0;2.6646;42446000.0
19.0;640.0;0.4388664683208975;0.0081185;2.4609;1725.0;2.6646;42446000.0
19.0;730.0;0.4604984753848192;0.0081185;2.4609;1725.0;2.6646;42446000.0
19.0;1000.0;0.4550910862877314;0.0081185;2.4609;1725.0;2.6646;42446000.0
19.0;1500.0;0.454996234122652;0.0081185;2.4609;1725.0;2.6646;42446000.0
19.0;2000.0;0.4708378004954254;0.0081185;2.4609;1725.0;2.6646;42446000.0
19.0;2250.0;0.4673914484169321;0.0081185;2.4609;1725.0;2.6646;42446000.0
19.0;3000.0;0.4932030017023003;0.0081185;2.4609;1725.0;2.6646;42446000.0
19.0;3182.0;0.4894907706392651;0.0081185;2.4609;1725.0;2.6646;42446000.0
19.0;3652.0;0.4840729088696178;0.0081185;2.4609;1725.0;2.6646;42446000.0
20.0;1.0;0.0;0.01503;11.743;1575.0;2.6242;36844000.0
20.0;2.0;0.0029849962343305;0.01503;11.743;1575.0;2.6242;36844000.0
20.0;7.0;0.012403614336042;0.01503;11.743;1575.0;2.6242;36844000.0
20.0;15.0;0.0199976907900657;0.01503;11.743;1575.0;2.6242;36844000.0
20.0;21.0;0.0266809929303389;0.01503;11.743;1575.0;2.6242;36844000.0
20.0;30.0;0.0363035232843364;0.01503;11.743;1575.0;2.6242;36844000.0
20.0;45.0;0.0508645338657776;0.01503;11.743;1575.0;2.6242;36844000.0
20.0;50.0;0.0583231261672882;0.01503;11.743;1575.0;2.6242;36844000.0
20.0;60.0;0.0690811583444499;0.01503;11.743;1575.0;2.6242;36844000.0
20.0;75.0;0.0760837005891203;0.01503;11.743;1575.0;2.6242;36844000.0
20.0;90.0;0.0939738204160915;0.01503;11.743;1575.0;2.6242;36844000.0
20.0;100.0;0.0910601462720121;0.01503;11.743;1575.0;2.6242;36844000.0
20.0;125.0;0.1129632440184654;0.01503;11.743;1575.0;2.6242;36844000.0
20.0;150.0;0.1261869534845578;0.01503;11.743;1575.0;2.6242;36844000.0
20.0;182.0;0.1580830569715796;0.01503;11.743;1575.0;2.6242;36844000.0
20.0;200.0;0.1464303890735892;0.01503;11.743;1575.0;2.6242;36844000.0
20.0;250.0;0.1880474462834642;0.01503;11.743;1575.0;2.6242;36844000.0
20.0;300.0;0.19100984953272;0.01503;11.743;1575.0;2.6242;36844000.0
20.0;330.0;0.1866694313133573;0.01503;11.743;1575.0;2.6242;36844000.0
20.0;365.0;0.1939241683831579;0.01503;11.743;1575.0;2.6242;36844000.0
20.0;550.0;0.2504052353129594;0.01503;11.743;1575.0;2.6242;36844000.0
20.0;640.0;0.2290606012687614;0.01503;11.743;1575.0;2.6242;36844000.0
20.0;730.0;0.2536156515933963;0.01503;11.743;1575.0;2.6242;36844000.0
20.0;1000.0;0.2498623681359068;0.01503;11.743;1575.0;2.6242;36844000.0
20.0;1500.0;0.285811688126033;0.01503;11.743;1575.0;2.6242;36844000.0
20.0;2000.0;0.3375213561863602;0.01503;11.743;1575.0;2.6242;36844000.0
20.0;2250.0;0.3112706111122935;0.01503;11.743;1575.0;2.6242;36844000.0
20.0;3000.0;0.3622974359695982;0.01503;11.743;1575.0;2.6242;36844000.0
20.0;3182.0;0.3570032360637205;0.01503;11.743;1575.0;2.6242;36844000.0
20.0;3652.0;0.3341612039576478;0.01503;11.743;1575.0;2.6242;36844000.0
21.0;1.0;0.0;0.033795;45.292;1350.0;2.4379;38571000.0
21.0;2.0;0.0035131589647779;0.033795;45.292;1350.0;2.4379;38571000.0
21.0;7.0;0.0149255446543165;0.033795;45.292;1350.0;2.4379;38571000.0
21.0;15.0;0.0243226242378097;0.033795;45.292;1350.0;2.4379;38571000.0
21.0;21.0;0.0283608617454513;0.033795;45.292;1350.0;2.4379;38571000.0
21.0;30.0;0.0354389533967742;0.033795;45.292;1350.0;2.4379;38571000.0
21.0;45.0;0.0529736742793725;0.033795;45.292;1350.0;2.4379;38571000.0
21.0;50.0;0.055579902660981;0.033795;45.292;1350.0;2.4379;38571000.0
21.0;60.0;0.0677394370248157;0.033795;45.292;1350.0;2.4379;38571000.0
21.0;75.0;0.0773218887357087;0.033795;45.292;1350.0;2.4379;38571000.0
21.0;90.0;0.0986127877393275;0.033795;45.292;1350.0;2.4379;38571000.0
21.0;100.0;0.1013432341728302;0.033795;45.292;1350.0;2.4379;38571000.0
21.0;125.0;0.1285652403262184;0.033795;45.292;1350.0;2.4379;38571000.0
21.0;150.0;0.1388966970150257;0.033795;45.292;1350.0;2.4379;38571000.0
21.0;182.0;0.2030774731975679;0.033795;45.292;1350.0;2.4379;38571000.0
21.0;200.0;0.1702720223006308;0.033795;45.292;1350.0;2.4379;38571000.0
21.0;250.0;0.2168390082605703;0.033795;45.292;1350.0;2.4379;38571000.0
21.0;300.0;0.2539310456769126;0.033795;45.292;1350.0;2.4379;38571000.0
21.0;330.0;0.2519273818353836;0.033795;45.292;1350.0;2.4379;38571000.0
21.0;365.0;0.2486389168180759;0.033795;45.292;1350.0;2.4379;38571000.0
21.0;550.0;0.3036894554861905;0.033795;45.292;1350.0;2.4379;38571000.0
21.0;640.0;0.2742651042789552;0.033795;45.292;1350.0;2.4379;38571000.0
21.0;730.0;0.3009557777986608;0.033795;45.292;1350.0;2.4379;38571000.0
21.0;1000.0;0.3146841431668731;0.033795;45.292;1350.0;2.4379;38571000.0
21.0;1500.0;0.3328016324883033;0.033795;45.292;1350.0;2.4379;38571000.0
21.0;2000.0;0.3705378524160527;0.033795;45.292;1350.0;2.4379;38571000.0
21.0;2250.0;0.3499416954327068;0.033795;45.292;1350.0;2.4379;38571000.0
21.0;3000.0;0.3823169078104938;0.033795;45.292;1350.0;2.4379;38571000.0
21.0;3182.0;0.3712760473567065;0.033795;45.292;1350.0;2.4379;38571000.0
21.0;3652.0;0.359974227568413;0.033795;45.292;1350.0;2.4379;38571000.0
22.0;1.0;0.0;0.0096528;32.229;1500.0;2.1629;67568000.0
22.0;2.0;0.0025623977304338;0.0096528;32.229;1500.0;2.1629;67568000.0
22.0;7.0;0.0102307056616175;0.0096528;32.229;1500.0;2.1629;67568000.0
22.0;15.0;0.016921841546297;0.0096528;32.229;1500.0;2.1629;67568000.0
22.0;21.0;0.0201106430556624;0.0096528;32.229;1500.0;2.1629;67568000.0
22.0;30.0;0.026952018249273;0.0096528;32.229;1500.0;2.1629;67568000.0
22.0;45.0;0.0376185748109791;0.0096528;32.229;1500.0;2.1629;67568000.0
22.0;50.0;0.0397303685938086;0.0096528;32.229;1500.0;2.1629;67568000.0
22.0;60.0;0.0645456550744625;0.0096528;32.229;1500.0;2.1629;67568000.0
22.0;75.0;0.0720847793771322;0.0096528;32.229;1500.0;2.1629;67568000.0
22.0;90.0;0.0665826349200478;0.0096528;32.229;1500.0;2.1629;67568000.0
22.0;100.0;0.0673529852309897;0.0096528;32.229;1500.0;2.1629;67568000.0
22.0;125.0;0.0860241819163684;0.0096528;32.229;1500.0;2.1629;67568000.0
22.0;150.0;0.0946198779296581;0.0096528;32.229;1500.0;2.1629;67568000.0
22.0;182.0;0.1331744246574456;0.0096528;32.229;1500.0;2.1629;67568000.0
22.0;200.0;0.1178298772147628;0.0096528;32.229;1500.0;2.1629;67568000.0
22.0;250.0;0.1498690356351099;0.0096528;32.229;1500.0;2.1629;67568000.0
22.0;300.0;0.1699413290044018;0.0096528;32.229;1500.0;2.1629;67568000.0
22.0;330.0;0.2351711410512106;0.0096528;32.229;1500.0;2.1629;67568000.0
22.0;365.0;0.159802943245865;0.0096528;32.229;1500.0;2.1629;67568000.0
22.0;550.0;0.2833658356427761;0.0096528;32.229;1500.0;2.1629;67568000.0
22.0;640.0;0.27816750247731;0.0096528;32.229;1500.0;2.1629;67568000.0
22.0;730.0;0.2160474341072332;0.0096528;32.229;1500.0;2.1629;67568000.0
22.0;1000.0;0.2073949032791446;0.0096528;32.229;1500.0;2.1629;67568000.0
22.0;1500.0;0.3418700834101231;0.0096528;32.229;1500.0;2.1629;67568000.0
22.0;2000.0;0.2548006747120773;0.0096528;32.229;1500.0;2.1629;67568000.0
22.0;2250.0;0.3656788075003077;0.0096528;32.229;1500.0;2.1629;67568000.0
22.0;3000.0;0.400594821190477;0.0096528;32.229;1500.0;2.1629;67568000.0
22.0;3182.0;0.4038267039116183;0.0096528;32.229;1500.0;2.1629;67568000.0
22.0;3652.0;0.2821658600269947;0.0096528;32.229;1500.0;2.1629;67568000.0
23.0;1.0;0.0;0.073487;13.12;1575.0;1.5577;3273800.0
23.0;2.0;0.0042627925995811;0.073487;13.12;1575.0;1.5577;3273800.0
23.0;7.0;0.0205161496721075;0.073487;13.12;1575.0;1.5577;3273800.0
23.0;15.0;0.0366402702589686;0.073487;13.12;1575.0;1.5577;3273800.0
23.0;21.0;0.0445573756027822;0.073487;13.12;1575.0;1.5577;3273800.0
23.0;30.0;0.0601751122032808;0.073487;13.12;1575.0;1.5577;3273800.0
23.0;45.0;0.0870957555825631;0.073487;13.12;1575.0;1.5577;3273800.0
23.0;50.0;0.0951034486697061;0.073487;13.12;1575.0;1.5577;3273800.0
23.0;60.0;0.1143484192257352;0.073487;13.12;1575.0;1.5577;3273800.0
23.0;75.0;0.1328327877448585;0.073487;13.12;1575.0;1.5577;3273800.0
23.0;90.0;0.1655578430692754;0.073487;13.12;1575.0;1.5577;3273800.0
23.0;100.0;0.1692249750174506;0.073487;13.12;1575.0;1.5577;3273800.0
23.0;125.0;0.2170686919201381;0.073487;13.12;1575.0;1.5577;3273800.0
23.0;150.0;0.243117417436837;0.073487;13.12;1575.0;1.5577;3273800.0
23.0;182.0;0.3272893303727391;0.073487;13.12;1575.0;1.5577;3273800.0
23.0;200.0;0.2981333691677334;0.073487;13.12;1575.0;1.5577;3273800.0
23.0;250.0;0.3699636187023971;0.073487;13.12;1575.0;1.5577;3273800.0
23.0;300.0;0.3957478401084085;0.073487;13.12;1575.0;1.5577;3273800.0
23.0;330.0;0.3784148785716359;0.073487;13.12;1575.0;1.5577;3273800.0
23.0;365.0;0.3934913033998186;0.073487;13.12;1575.0;1.5577;3273800.0
23.0;550.0;0.4397978830186538;0.073487;13.12;1575.0;1.5577;3273800.0
23.0;640.0;0.4522841375263631;0.073487;13.12;1575.0;1.5577;3273800.0
23.0;730.0;0.4658165624744712;0.073487;13.12;1575.0;1.5577;3273800.0
23.0;1000.0;0.4596070794110204;0.073487;13.12;1575.0;1.5577;3273800.0
23.0;1500.0;0.5225743206267676;0.073487;13.12;1575.0;1.5577;3273800.0
23.0;2000.0;0.5321775835022754;0.073487;13.12;1575.0;1.5577;3273800.0
23.0;2250.0;0.5234759703350885;0.073487;13.12;1575.0;1.5577;3273800.0
23.0;3000.0;0.5519193873047048;0.073487;13.12;1575.0;1.5577;3273800.0
23.0;3182.0;0.5612225193414344;0.073487;13.12;1575.0;1.5577;3273800.0
23.0;3652.0;0.5528061260026178;0.073487;13.12;1575.0;1.5577;3273800.0
24.0;1.0;0.0;0.038199;5.6431;2700.0;4.04;3735000.0
24.0;2.0;0.0024067949762981;0.038199;5.6431;2700.0;4.04;3735000.0
24.0;7.0;0.011770072135544;0.038199;5.6431;2700.0;4.04;3735000.0
24.0;15.0;0.0171827109142819;0.038199;5.6431;2700.0;4.04;3735000.0
24.0;21.0;0.0216848003655944;0.038199;5.6431;2700.0;4.04;3735000.0
24.0;30.0;0.0306645078478985;0.038199;5.6431;2700.0;4.04;3735000.0
24.0;45.0;0.049342016507786;0.038199;5.6431;2700.0;4.04;3735000.0
24.0;50.0;0.0476411869047285;0.038199;5.6431;2700.0;4.04;3735000.0
24.0;60.0;0.0641990374270417;0.038199;5.6431;2700.0;4.04;3735000.0
24.0;75.0;0.0806796201739536;0.038199;5.6431;2700.0;4.04;3735000.0
24.0;90.0;0.101023784559261;0.038199;5.6431;2700.0;4.04;3735000.0
24.0;100.0;0.0984076944225218;0.038199;5.6431;2700.0;4.04;3735000.0
24.0;125.0;0.1370918687630923;0.038199;5.6431;2700.0;4.04;3735000.0
24.0;150.0;0.1870173308914518;0.038199;5.6431;2700.0;4.04;3735000.0
24.0;182.0;0.260205628970361;0.038199;5.6431;2700.0;4.04;3735000.0
24.0;200.0;0.2260160286056096;0.038199;5.6431;2700.0;4.04;3735000.0
24.0;250.0;0.3043241962453844;0.038199;5.6431;2700.0;4.04;3735000.0
24.0;300.0;0.3279873989598567;0.038199;5.6431;2700.0;4.04;3735000.0
24.0;330.0;0.335085492532492;0.038199;5.6431;2700.0;4.04;3735000.0
24.0;365.0;0.3600814737994693;0.038199;5.6431;2700.0;4.04;3735000.0
24.0;550.0;0.527697964993193;0.038199;5.6431;2700.0;4.04;3735000.0
24.0;640.0;0.4549438062668615;0.038199;5.6431;2700.0;4.04;3735000.0
24.0;730.0;0.5264062859373333;0.038199;5.6431;2700.0;4.04;3735000.0
24.0;1000.0;0.5098656441379303;0.038199;5.6431;2700.0;4.04;3735000.0
24.0;1500.0;0.6107196505141047;0.038199;5.6431;2700.0;4.04;3735000.0
24.0;2000.0;0.6928083210115885;0.038199;5.6431;2700.0;4.04;3735000.0
24.0;2250.0;0.6180037592650658;0.038199;5.6431;2700.0;4.04;3735000.0
24.0;3000.0;0.6679583225371815;0.038199;5.6431;2700.0;4.04;3735000.0
24.0;3182.0;0.6947819002805077;0.038199;5.6431;2700.0;4.04;3735000.0
24.0;3652.0;0.6827578327244789;0.038199;5.6431;2700.0;4.04;3735000.0
25.0;1.0;0.0;0.02218;48.571;1350.0;1.8653;59490000.0
25.0;2.0;0.0027349948639427;0.02218;48.571;1350.0;1.8653;59490000.0
25.0;7.0;0.0113878859696152;0.02218;48.571;1350.0;1.8653;59490000.0
25.0;15.0;0.0187211426933887;0.02218;48.571;1350.0;1.8653;59490000.0
25.0;21.0;0.0215734968920435;0.02218;48.571;1350.0;1.8653;59490000.0
25.0;30.0;0.0289246948751953;0.02218;48.571;1350.0;1.8653;59490000.0
25.0;45.0;0.041102955397555;0.02218;48.571;1350.0;1.8653;59490000.0
25.0;50.0;0.0445306891466073;0.02218;48.571;1350.0;1.8653;59490000.0
25.0;60.0;0.0526636854739381;0.02218;48.571;1350.0;1.8653;59490000.0
25.0;75.0;0.0590759045912023;0.02218;48.571;1350.0;1.8653;59490000.0
25.0;90.0;0.0734978659430122;0.02218;48.571;1350.0;1.8653;59490000.0
25.0;100.0;0.0761329268533129;0.02218;48.571;1350.0;1.8653;59490000.0
25.0;125.0;0.0940222321495014;0.02218;48.571;1350.0;1.8653;59490000.0
25.0;150.0;0.1039403464286009;0.02218;48.571;1350.0;1.8653;59490000.0
25.0;182.0;0.137609810009888;0.02218;48.571;1350.0;1.8653;59490000.0
25.0;200.0;0.1231912692267878;0.02218;48.571;1350.0;1.8653;59490000.0
25.0;250.0;0.151227080936505;0.02218;48.571;1350.0;1.8653;59490000.0
25.0;300.0;0.1602705800677911;0.02218;48.571;1350.0;1.8653;59490000.0
25.0;330.0;0.1581435516270639;0.02218;48.571;1350.0;1.8653;59490000.0
25.0;365.0;0.1586114600447141;0.02218;48.571;1350.0;1.8653;59490000.0
25.0;550.0;0.1897797908787347;0.02218;48.571;1350.0;1.8653;59490000.0
25.0;640.0;0.1825449031886264;0.02218;48.571;1350.0;1.8653;59490000.0
25.0;730.0;0.1940339436318247;0.02218;48.571;1350.0;1.8653;59490000.0
25.0;1000.0;0.1915446575813428;0.02218;48.571;1350.0;1.8653;59490000.0
25.0;1500.0;0.2150830469147377;0.02218;48.571;1350.0;1.8653;59490000.0
25.0;2000.0;0.2322406320607259;0.02218;48.571;1350.0;1.8653;59490000.0
25.0;2250.0;0.2216632137866508;0.02218;48.571;1350.0;1.8653;59490000.0
25.0;3000.0;0.2433769089070131;0.02218;48.571;1350.0;1.8653;59490000.0
25.0;3182.0;0.2455237770335481;0.02218;48.571;1350.0;1.8653;59490000.0
25.0;3652.0;0.2399666736275057;0.02218;48.571;1350.0;1.8653;59490000.0
27.0;1.0;0.0;0.014051;16.678;1725.0;2.7998;74036000.0
27.0;2.0;0.0038632200348545;0.014051;16.678;1725.0;2.7998;74036000.0
27.0;7.0;0.0167692720000393;0.014051;16.678;1725.0;2.7998;74036000.0
27.0;15.0;0.0275266544684301;0.014051;16.678;1725.0;2.7998;74036000.0
27.0;21.0;0.0362406537893529;0.014051;16.678;1725.0;2.7998;74036000.0
27.0;30.0;0.0493077354091983;0.014051;16.678;1725.0;2.7998;74036000.0
27.0;45.0;0.0683608947944847;0.014051;16.678;1725.0;2.7998;74036000.0
27.0;50.0;0.0763259694301895;0.014051;16.678;1725.0;2.7998;74036000.0
27.0;60.0;0.089410937081037;0.014051;16.678;1725.0;2.7998;74036000.0
27.0;75.0;0.0972403971442618;0.014051;16.678;1725.0;2.7998;74036000.0
27.0;90.0;0.1184679900139628;0.014051;16.678;1725.0;2.7998;74036000.0
27.0;100.0;0.1170704444702755;0.014051;16.678;1725.0;2.7998;74036000.0
27.0;125.0;0.1392037433886855;0.014051;16.678;1725.0;2.7998;74036000.0
27.0;150.0;0.1561507283224121;0.014051;16.678;1725.0;2.7998;74036000.0
27.0;182.0;0.1933872963131468;0.014051;16.678;1725.0;2.7998;74036000.0
27.0;200.0;0.1839071074495252;0.014051;16.678;1725.0;2.7998;74036000.0
27.0;250.0;0.2239786653437967;0.014051;16.678;1725.0;2.7998;74036000.0
27.0;300.0;0.2303889564962237;0.014051;16.678;1725.0;2.7998;74036000.0
27.0;330.0;0.233469602468923;0.014051;16.678;1725.0;2.7998;74036000.0
27.0;365.0;0.2420824054153631;0.014051;16.678;1725.0;2.7998;74036000.0
27.0;550.0;0.3429126283555796;0.014051;16.678;1725.0;2.7998;74036000.0
27.0;640.0;0.2926432537380511;0.014051;16.678;1725.0;2.7998;74036000.0
27.0;730.0;0.3365885671267685;0.014051;16.678;1725.0;2.7998;74036000.0
27.0;1000.0;0.3257647024318906;0.014051;16.678;1725.0;2.7998;74036000.0
27.0;1500.0;0.3803679422019871;0.014051;16.678;1725.0;2.7998;74036000.0
27.0;2000.0;0.5110172962102574;0.014051;16.678;1725.0;2.7998;74036000.0
27.0;2250.0;0.4176733019529725;0.014051;16.678;1725.0;2.7998;74036000.0
27.0;3000.0;0.4866489497917478;0.014051;16.678;1725.0;2.7998;74036000.0
27.0;3182.0;0.4921911467050721;0.014051;16.678;1725.0;2.7998;74036000.0
27.0;3652.0;0.4808045723297416;0.014051;16.678;1725.0;2.7998;74036000.0
28.0;1.0;0.0;0.01485;11.186;1725.0;2.8374;22202000.0
28.0;2.0;0.004606022446235;0.01485;11.186;1725.0;2.8374;22202000.0
28.0;7.0;0.0195617896314203;0.01485;11.186;1725.0;2.8374;22202000.0
28.0;15.0;0.0319885858032781;0.01485;11.186;1725.0;2.8374;22202000.0
28.0;21.0;0.0410582607284802;0.01485;11.186;1725.0;2.8374;22202000.0
28.0;30.0;0.056126814949097;0.01485;11.186;1725.0;2.8374;22202000.0
28.0;45.0;0.0812657194593464;0.01485;11.186;1725.0;2.8374;22202000.0
28.0;50.0;0.0912401650277275;0.01485;11.186;1725.0;2.8374;22202000.0
28.0;60.0;0.1091863841584183;0.01485;11.186;1725.0;2.8374;22202000.0
28.0;75.0;0.1233338082751952;0.01485;11.186;1725.0;2.8374;22202000.0
28.0;90.0;0.1550749403945858;0.01485;11.186;1725.0;2.8374;22202000.0
28.0;100.0;0.1474016199990776;0.01485;11.186;1725.0;2.8374;22202000.0
28.0;125.0;0.188016198302009;0.01485;11.186;1725.0;2.8374;22202000.0
28.0;150.0;0.2111010197976648;0.01485;11.186;1725.0;2.8374;22202000.0
28.0;182.0;0.266160749072908;0.01485;11.186;1725.0;2.8374;22202000.0
28.0;200.0;0.2436590372318573;0.01485;11.186;1725.0;2.8374;22202000.0
28.0;250.0;0.325012835075598;0.01485;11.186;1725.0;2.8374;22202000.0
28.0;300.0;0.3211969146190728;0.01485;11.186;1725.0;2.8374;22202000.0
28.0;330.0;0.3125411958396453;0.01485;11.186;1725.0;2.8374;22202000.0
28.0;365.0;0.3230017153258779;0.01485;11.186;1725.0;2.8374;22202000.0
28.0;550.0;0.4052281190426907;0.01485;11.186;1725.0;2.8374;22202000.0
28.0;640.0;0.3807789247855543;0.01485;11.186;1725.0;2.8374;22202000.0
28.0;730.0;0.4079307738773825;0.01485;11.186;1725.0;2.8374;22202000.0
28.0;1000.0;0.4219949440670697;0.01485;11.186;1725.0;2.8374;22202000.0
28.0;1500.0;0.4576778845002039;0.01485;11.186;1725.0;2.8374;22202000.0
28.0;2000.0;0.542576998774636;0.01485;11.186;1725.0;2.8374;22202000.0
28.0;2250.0;0.4978136617306952;0.01485;11.186;1725.0;2.8374;22202000.0
28.0;3000.0;0.5748957281211463;0.01485;11.186;1725.0;2.8374;22202000.0
28.0;3182.0;0.5733813251570867;0.01485;11.186;1725.0;2.8374;22202000.0
28.0;3652.0;0.5555097219092765;0.01485;11.186;1725.0;2.8374;22202000.0
29.0;1.0;0.0;0.0053882;3.0773;1650.0;2.1762;52942000.0
29.0;2.0;0.0046567319144672;0.0053882;3.0773;1650.0;2.1762;52942000.0
29.0;7.0;0.017704189066114;0.0053882;3.0773;1650.0;2.1762;52942000.0
29.0;15.0;0.0295423507787042;0.0053882;3.0773;1650.0;2.1762;52942000.0
29.0;21.0;0.0361403481472102;0.0053882;3.0773;1650.0;2.1762;52942000.0
29.0;30.0;0.0532782227856177;0.0053882;3.0773;1650.0;2.1762;52942000.0
29.0;45.0;0.0733820123933489;0.0053882;3.0773;1650.0;2.1762;52942000.0
29.0;50.0;0.0682501634306618;0.0053882;3.0773;1650.0;2.1762;52942000.0
29.0;60.0;0.0898624533026975;0.0053882;3.0773;1650.0;2.1762;52942000.0
29.0;75.0;0.0850413070264584;0.0053882;3.0773;1650.0;2.1762;52942000.0
29.0;90.0;0.098923572533551;0.0053882;3.0773;1650.0;2.1762;52942000.0
29.0;100.0;0.1242671106670174;0.0053882;3.0773;1650.0;2.1762;52942000.0
29.0;125.0;0.1242236260781915;0.0053882;3.0773;1650.0;2.1762;52942000.0
29.0;150.0;0.1532746352500239;0.0053882;3.0773;1650.0;2.1762;52942000.0
29.0;182.0;0.1766235976068475;0.0053882;3.0773;1650.0;2.1762;52942000.0
29.0;200.0;0.1791860850811487;0.0053882;3.0773;1650.0;2.1762;52942000.0
29.0;250.0;0.2167035087073652;0.0053882;3.0773;1650.0;2.1762;52942000.0
29.0;300.0;0.2230545296000791;0.0053882;3.0773;1650.0;2.1762;52942000.0
29.0;330.0;0.2195995245047269;0.0053882;3.0773;1650.0;2.1762;52942000.0
29.0;365.0;0.1971545989174654;0.0053882;3.0773;1650.0;2.1762;52942000.0
29.0;550.0;0.2052516236177522;0.0053882;3.0773;1650.0;2.1762;52942000.0
29.0;640.0;0.232456031812312;0.0053882;3.0773;1650.0;2.1762;52942000.0
29.0;730.0;0.2433264378162048;0.0053882;3.0773;1650.0;2.1762;52942000.0
29.0;1000.0;0.210804160083074;0.0053882;3.0773;1650.0;2.1762;52942000.0
29.0;1500.0;0.2202356561293893;0.0053882;3.0773;1650.0;2.1762;52942000.0
29.0;2000.0;0.225675488337138;0.0053882;3.0773;1650.0;2.1762;52942000.0
29.0;2250.0;0.2532129465631801;0.0053882;3.0773;1650.0;2.1762;52942000.0
29.0;3000.0;0.2353731616011649;0.0053882;3.0773;1650.0;2.1762;52942000.0
29.0;3182.0;0.2631964803253586;0.0053882;3.0773;1650.0;2.1762;52942000.0
29.0;3652.0;0.2301542255238992;0.0053882;3.0773;1650.0;2.1762;52942000.0
30.0;1.0;0.0;0.0094;7.9139;1800.0;2.0684;46513000.0
30.0;2.0;0.0022608700745166;0.0094;7.9139;1800.0;2.0684;46513000.0
30.0;7.0;0.0081883475743393;0.0094;7.9139;1800.0;2.0684;46513000.0
30.0;15.0;0.0135065388423718;0.0094;7.9139;1800.0;2.0684;46513000.0
30.0;21.0;0.0166461491398893;0.0094;7.9139;1800.0;2.0684;46513000.0
30.0;30.0;0.0218219316716011;0.0094;7.9139;1800.0;2.0684;46513000.0
30.0;45.0;0.0296167372229811;0.0094;7.9139;1800.0;2.0684;46513000.0
30.0;50.0;0.0313984610443821;0.0094;7.9139;1800.0;2.0684;46513000.0
30.0;60.0;0.0359401235490258;0.0094;7.9139;1800.0;2.0684;46513000.0
30.0;75.0;0.0397819268309972;0.0094;7.9139;1800.0;2.0684;46513000.0
30.0;90.0;0.0470231990120249;0.0094;7.9139;1800.0;2.0684;46513000.0
30.0;100.0;0.0491261932172611;0.0094;7.9139;1800.0;2.0684;46513000.0
30.0;125.0;0.0584522784532707;0.0094;7.9139;1800.0;2.0684;46513000.0
30.0;150.0;0.0639819834335783;0.0094;7.9139;1800.0;2.0684;46513000.0
30.0;182.0;0.0830117928014303;0.0094;7.9139;1800.0;2.0684;46513000.0
30.0;200.0;0.0744095208698227;0.0094;7.9139;1800.0;2.0684;46513000.0
30.0;250.0;0.0913408821049051;0.0094;7.9139;1800.0;2.0684;46513000.0
30.0;300.0;0.0984005804138298;0.0094;7.9139;1800.0;2.0684;46513000.0
30.0;330.0;0.0935963638185625;0.0094;7.9139;1800.0;2.0684;46513000.0
30.0;365.0;0.0943415440641389;0.0094;7.9139;1800.0;2.0684;46513000.0
30.0;550.0;0.1131942234267472;0.0094;7.9139;1800.0;2.0684;46513000.0
30.0;640.0;0.1129257084626081;0.0094;7.9139;1800.0;2.0684;46513000.0
30.0;730.0;0.1194789148185668;0.0094;7.9139;1800.0;2.0684;46513000.0
30.0;1000.0;0.1185836645158769;0.0094;7.9139;1800.0;2.0684;46513000.0
30.0;1500.0;0.1388535078708588;0.0094;7.9139;1800.0;2.0684;46513000.0
30.0;2000.0;0.1427339116391285;0.0094;7.9139;1800.0;2.0684;46513000.0
30.0;2250.0;0.1508978531772905;0.0094;7.9139;1800.0;2.0684;46513000.0
30.0;3000.0;0.1615723973038447;0.0094;7.9139;1800.0;2.0684;46513000.0
30.0;3182.0;0.1657459171757704;0.0094;7.9139;1800.0;2.0684;46513000.0
30.0;3652.0;0.168161841624186;0.0094;7.9139;1800.0;2.0684;46513000.0
